,标题,链接
0,“元气森林”欺骗消费者 饮料中其实并非无糖,https://www.163.com/dy/article/G7BABCJ10534B9EY.html
1,外媒:拜登特使将访问中国 知情者曝即将会面地点,https://www.163.com/dy/article/G7B2C7RO0512DU6N.html
2,制造炸弹的香港暴徒们会不会被重判？关键在卢溢燊案,https://www.163.com/dy/article/G7B9RSKE0514FGV8.html
3,香港将涌现新面孔参政？港大教授:不是现有的所谓泛民,https://www.163.com/dy/article/G7B5TANQ0514FGV8.html
4,小学生毕业照每人900 换好几套服装 不少家长吃不消了,https://www.163.com/dy/article/G7AU9M0P051492LM.html
5,"""老虎""落马后 省委书记连夜赴省公安厅部署肃清流毒",https://www.163.com/dy/article/G7B4Q071051482MP.html
6,"欧盟女官员没坐上椅子""续集"":土冻结意7000万欧元订单",https://www.163.com/dy/article/G7B0P96C0514R9OJ.html
7,督导组进驻10天 副省长兼公安厅长落马 知情人揭内幕,https://www.163.com/dy/article/G7B4CO18051283GO.html
8,土耳其“切断中国大使馆供水”？知情人士：消息不实,https://www.163.com/dy/article/G7AUUVL70514R9OJ.html
9,BBC发文称中共就怕中国人民 评论区里中国网友乐了,https://www.163.com/news/article/G7B1OFLN0001899O.html
10,公安局员工被羁押489天3次被判刑 无罪后获国赔20余万,https://www.163.com/dy/article/G7B0A8600514R9P4.html
11,"""海胆蒸蛋无海胆""当事人疑再发声:对官方结论""没想到""",https://www.163.com/dy/article/G7AQ3063053469M5.html
12,国家卫健委：强制接种新冠疫苗必须坚决予以纠正,https://www.163.com/news/article/G7AT1D190001899O.html
13,15岁儿子厌学 爸爸将其带工地搬砖 4天后儿子态度大变,https://www.163.com/dy/article/G7ANLVRG0512GTK3.html
14,"700学生疑因乱扔垃圾被景区""扣留"" 校方发文又删除",https://www.163.com/dy/article/G7AN3ONH05503FCU.html
15,"广东一高校导师的""卑微'式招生火了:不喜欢 我可以改",https://www.163.com/dy/article/G7AN3K0U0514R9KQ.html
16,为什么叫解放军而不是国军？台湾专家:我还要去查一查,https://www.163.com/dy/article/G7AK14DF051481US.html
17,"又不按""套路""来 特朗普闭门演讲大骂2名共和党内高层",https://www.163.com/dy/article/G7AHK6OF0514R9OJ.html
18,"台空军前副司令：大陆军机飞越""中线""可能是来""投诚""",https://www.163.com/dy/article/G7AK2LOC0514R9OJ.html
19,亿元房姐被判无期 嚣张炒房大V上央视！炒房客慌了,https://www.163.com/dy/article/G7AFNH5J0512B07B.html
20,女孩肯德基喝到消毒水致胃炎 店方:想要赔偿得保密,https://www.163.com/dy/article/G7AIIVM00530U7LS.html
21,二桃杀三士！土总统靠一把椅子使欧盟内部争论不休,https://www.163.com/dy/article/G7AF30520543B4S9.html
22,大妈与服务员发生纠纷 自称上等人：张着嘴巴说屎话,https://www.163.com/dy/article/G7AEIK2I0534A4S1.html
23,江西一林业站站长采伐4棵枯死樟树被诉 索赔9万余元,https://www.163.com/news/article/G7AF56FS00019K82.html
24,"杭州出现一批新式""斜杠杠""停车位 对一危险动作有效",https://www.163.com/dy/article/G79PIC0J051492LM.html
25,专家：乌克兰军队向东集结部队 俄军队进入战备状态,https://www.163.com/dy/article/G7A4KTN3051481US.html
26,"新加坡总理接班人辞任 李显龙：感谢他的""无私让位""",https://www.163.com/dy/article/G7A3BBL90550A0OW.html
27,游客称吃海胆蒸蛋没海胆还遭威胁 官方：未掉包掺假,https://www.163.com/news/article/G7AA1NVS00019K82.html
28,22岁女大学生刚毕业就被刑拘？有小伙被“榨干”,https://www.163.com/dy/article/G7A4KRGP0512GTK3.html
29,乌克兰总统急会埃尔多安 在乌领土问题上达成一致意见,https://www.163.com/dy/article/G7A25VKM051481US.html
30,"美分析师：中国研制""海鹰""无人舰 但对美核潜艇无用",https://www.163.com/dy/article/G79U1NSO05504DOH.html
31,中伊达成协议 外媒：歼-10C或出口 超俄制外销战机,https://www.163.com/dy/article/G79TS28505504DOH.html
32,每年亏近亿元！投资26亿、运营3年的有轨电车面临拆除,https://www.163.com/dy/article/G788S3HV0514BE2Q.html
33,"华尔街操纵大宗商品充满""套路"" 中国制造业已受冲击",https://www.163.com/dy/article/G79VFLSV0530I1ON.html
34,蔡英文上台将满5年 岛内八个字总结 网友：武统快了,https://www.163.com/dy/article/G79S093P0514R9OJ.html
35,这是美国现在最热的话题 美国军官被美国警察揍了！,https://www.163.com/dy/article/G79R1O2U052182V3.html
36,"小学生被同学用铅笔戳20多个""洞""：离眼睛仅几毫米",https://www.163.com/dy/article/G79MVRKR0534A4S1.html
37,坐了趟地铁 上海一对老年夫妻1周内双双离世,https://www.163.com/dy/article/G77UC38B0512DU6N.html
38,"1.5亿人赴恒河""圣浴"" 印度好像并不慌",https://www.163.com/dy/article/G78OEHK005503FCU.html
39,"游客称三亚吃海鲜遭宰客 被威胁""别闹事 不然走不掉""",https://www.163.com/dy/article/G78KPDNT0512B07B.html
40,“美国人低估了中国”,https://www.163.com/dy/article/G78TTP5405504DP0.html
41,全面与华抗衡！美或以法律的形式推动中美经贸脱钩,https://www.163.com/dy/article/G78TMU9O0514EGPO.html
42,美国海军发布照片：航母辽宁舰和美舰近距离碰面,https://www.163.com/dy/article/G78UAKNP05504DP0.html
43,澳大利亚贸易部长：中国邀请我们 才能派团去,https://www.163.com/dy/article/G78U5V21051481US.html
44,新疆自治区党委班子又一位副书记到任,https://www.163.com/dy/article/G78M7A5T051482MP.html
45,"专家:若美接待台当局""所谓防长"" 中美将彻底撕破脸",https://www.163.com/dy/article/G78ET4FB0514R9OJ.html
46,"唯品会被Gucci""将了一军"" 消费者:腰带鉴定有""猫腻""",https://www.163.com/dy/article/G78B7OAL05199DKK.html
47,两人回乡祭祖房屋被强拆 街道办:多大点事 赔钱就行,https://www.163.com/dy/article/G77RLOFD0512D3VJ.html
48,男教师陈尸车中颈部缠安全带：疑挪用公款炒期货,https://www.163.com/dy/article/G786VUSH0514R9P4.html
49,买一层赠两层！楼盘大促销 业主签合同开发商反悔了,https://www.163.com/dy/article/G75UPE4B0514BCL4.html
50,"新加坡政坛突变！李显龙""接班人""请辞:我的跑道太短",https://www.163.com/dy/article/G75SEI5D055040N3.html
51,媒体：彻查美国德特里克堡 怎么查都不为过,https://www.163.com/dy/article/G764VHM20550A0OW.html
52,"全军正加紧列装什么""神器""？新型夜视仪首秀火箭军",https://www.163.com/dy/article/G77M8D5J0515DHOR.html
53,山西公安厅长刘新云落马 与龚道安交集数年,https://www.163.com/dy/article/G77KH5F70514BE2Q.html
54,"台军""无意中泄露一秘密"" 相关图片撤销前被美媒保存",https://www.163.com/dy/article/G77HLKO605504DOH.html
55,河北货车司机被罚2000后服用农药死亡 官方通报,https://www.163.com/news/article/G77EB5TR0001899O.html
56,日本基本确定将核废水排入大海 中国提了一个条件,https://www.163.com/dy/article/G7790QIA052182V3.html
57,德国大使称北约轰炸南联盟是必要的 塞尔维亚政要怒了,https://www.163.com/dy/article/G77BHKQN051481US.html
58,被美国列入“实体清单”的7家中国超算实体来头不小,https://www.163.com/news/article/G77A8M4D0001899O.html
59,"""天字号""传销大案！38岁普通市民掀起400多亿风浪",https://www.163.com/dy/article/G777SBKH0514Q0KM.html
60,环球时报：美方接连出招 中国有三件武器,https://www.163.com/news/article/G777AU1O0001899O.html
61,网友家里存款2万追星花了3千：妈妈找我借钱买种子,https://www.163.com/dy/article/G76C30VC0514F086.html
62,"又挑衅！美国务院宣布完成所谓""与台湾交往新准则""",https://www.163.com/dy/article/G7754106055080L4.html
63,不到两年三度调整 55岁经济学博士赴西部就职,https://www.163.com/dy/article/G76C946B051482MP.html
64,山西省公安厅长落马 系十八大以来山西“第十虎”,https://www.163.com/dy/article/G767FIM705503FCU.html
65,"台当局称若遭大陆攻击将""战斗到底"" 学者:就是个笑话",https://www.163.com/dy/article/G766QEE10514FGV8.html
66,日本拟将核电站废水排入大海 日渔民:往东京湾排啊,https://www.163.com/news/article/G773CECF0001899O.html
67,"台湾遭遇""56年来最严重""旱灾 金门靠大陆""有水喝""",https://www.163.com/news/article/G772P6BO0001899O.html
68,80年代左右的北京老照片，仿佛还在昨天,https://www.163.com/dy/article/G70OHMU605496YZA.html
69,北京发布最新接种禁忌！疫苗是如何发挥作用的？,https://www.163.com/dy/article/G76CA0P305149BCH.html
70,北京至齐齐哈尔列车遭路侧芦苇荒火逼停：无人伤亡,https://www.163.com/news/article/G7AJ4F2M0001899O.html
71,北京国际电影节 8月14日至21日举办,http://bj.news.163.com/21/0411/19/G7AV0FNR04388CSB.html
72,郎园park疫苗接种点 接种人数破10万人次,http://bj.news.163.com/21/0411/19/G7AUBL5M04388CSB.html
73,北京4月10日新增1例境外输入确诊病例 自瑞典返回,http://bj.news.163.com/21/0411/19/G7AU3VQO04388CSB.html
74,北京亿元房姐被判无期，深圳大V深房理上了央视！,https://www.163.com/dy/article/G7AFNH5J0512B07B.html
75,北京午后南风大！远离花草林木繁茂区,https://www.163.com/dy/article/G7A7DS0D0514R9KQ.html
76,北京今夜局部将迎小雨 下周冷空气要来了！,https://www.163.com/dy/article/G7A6F2660514AM4I.html
77,9天全网上办！金融法院审结首批金融仲裁司法案件,http://bj.news.163.com/21/0411/12/G7A6D6HD043899E4.html
78,今夜起北京北部西部将迎小雨 后天天气转晴气温下降,https://www.163.com/dy/article/G79RTQL30514R9L4.html
79,北京今天白天多云间阴，北转南风三四级,https://www.163.com/dy/article/G79PD57F0514R9KQ.html
80,明天北京南风较大 外出注意防风,https://www.163.com/dy/article/G79714I205431P5L.html
81,北京：公园景区周边及高速路预计下周拥堵,https://www.163.com/dy/article/G792259O0514R9KQ.html
82,城区花粉浓度极高 今日出行注意防护,https://www.163.com/dy/article/G790B55I0514R9KQ.html
83,北京环球影城即将开园 建设进入收尾阶段,https://www.163.com/dy/article/G79009C00546BD3H.html
84,北京2022年冬奥会迎来开幕倒计时300天,https://www.163.com/news/article/G78JDPB1000189FH.html
85,男子在五道口地铁附近尾随搭讪女性，北京警方通报,https://www.163.com/dy/article/G7724UK805373SAK.html
86,地铁积水潭、牡丹园站封站今起改造,https://www.163.com/dy/article/G76BLCCG0514R9KQ.html
87,京城杨柳飞絮渐入高发期 北部地区有雨 出门记得带伞,http://bj.news.163.com/21/0410/10/G77FKIGN04388CSB.html
88,北京市累计接种新冠疫苗1849.84万剂次,http://bj.news.163.com/21/0410/17/G786GVMU04388CSB.html
89,北京警方打掉一境外电信诈骗帮凶窝点抓获44人,https://www.163.com/dy/article/G785ROFQ0534AZ6W.html
90,北京人社局：招聘机构应及时制止违规下载简历,https://www.163.com/dy/article/G77VAM9E0514R9P4.html
91,北京新增1例境外输入！昌平接种新冠疫苗联系方式都在这里,https://www.163.com/dy/article/G77V05EE0514DP1C.html
92,北京对4类食品进行抽查 420批次样品不合格7批次,https://www.163.com/dy/article/G77U2EER0512D3VJ.html
93,单月成交2.2万套 北京二手房市场“小阳春”会持续吗？,https://www.163.com/dy/article/G77JORD30512D3VJ.html
94,大兴机场临空区推进国际交往中心功能承载区片区发展,https://www.163.com/dy/article/G77HJ69V0514R9KQ.html
95,12345热线一个月接百余起来电：北京哪里能放风筝？,http://bj.news.163.com/21/0410/10/G77FTJJ604388CSB.html
96,京郊花海迎来观赏季 426个北京园林绿化新优品种亮相,http://bj.news.163.com/21/0410/10/G77FOEOH04388CSB.html
97,银行柜台人员一听顾客的要求 报警了,https://www.163.com/dy/article/G77ELSSP0514R9KQ.html
98,注意防护！北京八区花粉浓度“爆表”,https://www.163.com/dy/article/G77ELQOE0514R9KQ.html
99,中国人民大学22名法硕复试考生违规泄题被取消成绩,https://www.163.com/dy/article/G77DABTO0534AZ6W.html
100,老贼专在医院盗窃病人手机 警方雷霆出击,https://www.163.com/dy/article/G77AED900514R9KQ.html
101,重磅！燕郊的地铁来了 11项招标齐发、四年半建成,https://www.163.com/dy/article/G778OK3U0550SQ7L.html
102,北京市档案馆推出“红色双展”,https://www.163.com/dy/article/G76DHLUK0514R9KQ.html
103,通州俩女子一个跳楼、一个跳河 最后都被警察救了,https://www.163.com/dy/article/G76DBEP005149BCH.html
104,地铁4号线周五周日 恢复双向延长运营,https://www.163.com/dy/article/G76BLCHD0514R9KQ.html
105,圆明园古丁香迎盛花期,https://www.163.com/dy/article/G76BLBA10514R9KQ.html
106,“相约北京”花样滑冰比赛举行,https://bj.news.163.com/photoview/75UK0438/3802.html
107,京医通升级！北京市属医院均已支持“无卡就诊”,https://www.163.com/news/article/G75HEBTM00019K82.html
108,注意防护！北京十区花粉浓度“爆表”,https://www.163.com/news/article/G74QMHC900019K82.html
109,北京昨日新增1例自希腊输入的确诊病例,https://www.163.com/news/article/G74IPJ2N00019K82.html
110,北京小客车指标审核结果已公布 15日内可复核,https://www.163.com/news/article/G74MN5A300019K82.html
111,北京今日最高气温18℃ 花粉浓度处于极高水平,https://www.163.com/news/article/G74FTKJ80001899O.html
112,故宫飞絮飘飘 第一波高峰即将来临,https://v.163.com/static/1/VP677LDVE.html
113,"地铁积水潭站将开启""雪藏""30年老通道 明起封站",https://www.163.com/news/article/G750F91B00019K82.html
114,市疾控：新冠病毒疫苗的接种禁忌主要有5种,https://www.163.com/news/article/G74TEHOG00019K82.html
115,西城区公共自行车将停运 办卡户年底前可退押金,https://www.163.com/news/article/G74S1T1O00019K82.html
116,今起大兴机场线逢周五、周日延长末班车运营时间,https://www.163.com/news/article/G74I354Q00019K82.html
117,在京港澳同胞凭相关证件可免费接种新冠疫苗,https://www.163.com/news/article/G73ABP8U00019K82.html
118,阿里巴巴回应垄断被罚182.28亿：诚恳接受 坚决服从,https://www.163.com/news/article/G77BCI5A0001899O.html
119,阿里巴巴实施垄断行为被罚182.28亿 人民日报评论,https://www.163.com/news/article/G779CUTA0001899O.html
120,"台湾遭遇""56年来最严重""旱灾 金门靠大陆""有水喝""",https://www.163.com/news/article/G772P6BO0001899O.html
121,中央督导组进驻第十天山西省公安厅长落马，系十八大以来山西“第十虎”,https://www.163.com/dy/article/G767FIM705503FCU.html
122,“北斗掉线”问题出在哪儿？该北斗卫星来背锅吗,https://www.163.com/news/article/G75JUGKQ0001899O.html
123,"""最牛村支书""看大阅兵后泪流满面：我要向人民谢罪",https://news.163.com/21/0408/10/G72ABUO800019B3E.html
124,被撤职的瑞丽市委书记：昨晚还现身发布会 曾称“坚决杜绝疫情输入”,https://news.163.com/21/0408/10/G729NV930001899O.html
125,果然，反华势力表演毫无新意！,https://news.163.com/21/0407/08/G6VHLCT60001899O.html
126,自诩“有功之臣”肆无忌惮，退休1年半还收钱收礼！投案前一天，他被宣布落马,https://news.163.com/21/0407/07/G6VDUIFQ0001899O.html
127,官方罕见点出航母在台湾周边训练！日本把手伸向台湾？,https://news.163.com/21/0407/07/G6VB1GA10001899O.html
128,清明“打虎”！爱在春天发表文章的央企董事长在春天落马了,https://news.163.com/21/0404/13/G6OA0AHU0001899O.html
129,2021年3月31日外交部发言人华春莹主持例行记者会,https://news.163.com/21/0331/22/G6EVU3NS0001899O.html
130,云南新增本土病例为何又有缅甸籍？,https://www.163.com/dy/article/G6EUTTVP0530M4PQ.html
131,员工请假超3天要全额自费缴社保？官方：企业行为不符合规定,https://news.163.com/21/0330/17/G6BSCD1S0001899O.html
132,古特雷斯称联合国应不受限制访问新疆 外交部回应,https://news.163.com/21/0330/07/G6ANU0LS0001899O.html
133,新疆反恐纪录片预告，揭露多位“两面人”,https://news.163.com/21/0329/22/G69RL0IR0001899O.html
134,警惕！“台美断交”43年来，首位美大使访台，蔡当局不再遮掩？,https://www.163.com/dy/article/G69H8AF40543B4S9.html
135,2吨台湾菠萝运抵澳大利亚 每颗售价高达90元人民币,https://www.163.com/dy/article/G69CB2A305504DPG.html
136,带头抵制新疆棉花的BCI，究竟是个什么组织？,https://news.163.com/21/0324/23/G5T19MRU00018AP1.html
137,上观独家凌晨1点，张文宏在武汉谈新冠疫苗：接种率70%是底线，上不封顶,https://www.163.com/dy/article/G5RC3K86055040N3.html
138,接连回击！中国驻荷兰、比利时和德国大使就所谓制裁向驻在国提严正交涉！驻印使馆也发声！,https://www.163.com/dy/article/G5RAAQKM0514R9OJ.html
139,中使馆驳斥涉疆谣言：新疆棉花生产已实现高度机械化，哪里还需要强迫劳动？,https://news.163.com/21/0323/18/G5PUA08H00018AOR.html
140,阿拉杨主任，激励后来人,https://www.163.com/dy/article/G5PG3DMS0550A0OW.html
141,台军F-5E战机擦撞细节曝光：撞击力道可能极大，飞机空中碎裂,https://www.163.com/dy/article/G5P331GG0514R9OJ.html
142,洪为民：“我亲中有什么问题？做错了吗？”,https://news.163.com/21/0322/08/G5M9ESAL00018AP1.html
143,中美高层战略对话，美方翻译竟还夹带私货、火上浇油？,https://news.163.com/21/0321/18/G5KO2L0O00018AP1.html
144,"声称""奉打多久陪多久""后 台军再放狠话:使敌犯台失败",https://news.163.com/21/0320/17/G5I35B2O0001899O.html
145,中美高层战略对话后 两国元首可能会晤吗?外交部回应,https://news.163.com/21/0318/20/G5D827SS0001899O.html
146,《泰晤士报》建议：在香港的英籍法官 辞职吧,https://news.163.com/21/0318/17/G5D03TUH00019B3E.html
147,台陆委会：恢复大陆商务人士赴台申请，再提两岸“春暖花开”,https://www.163.com/dy/article/G5CVQRMC05504DPG.html
148,"四川一女干部叫""豹女狼""走红 网友热议：名字好霸气",https://news.163.com/21/0318/15/G5CORJIR0001899O.html
149,落马总工的套路：拿地图过来，看咱去哪溜达溜达,https://news.163.com/21/0318/12/G5CETSK40001899O.html
150,华为首次公布5G专利费率：单台手机许可费上限2.5美元,https://news.163.com/21/0317/03/G58SJKC300018AP1.html
151,大陆禁菠萝，日本禁香蕉，台当局无能暴露无遗,https://www.163.com/dy/article/G53699M90515CCSC.html
152,新华社记者:外媒1张499美元中国警察照片 是这么来的,https://news.163.com/21/0312/18/G4TIIV5Q00019B3E.html
153,港澳办：反中乱港分子 一个都嫌多,https://news.163.com/21/0312/15/G4T8N0PI0001899O.html
154,获刑13年！90后女辅警勒索多名公职人员370余万，受害人含副局长所长--上观,https://news.163.com/21/0312/14/G4T5EV0100018AP2.html
155,张晓明：香港的选举制度怎么设计、怎么完善外国无权说三道四,https://news.163.com/21/0312/12/G4T0J2F80001899O.html
156,张晓明：香港当前是颠覆与反颠覆的较量，没有退让余地,https://news.163.com/21/0312/11/G4STP8LI00018AP1.html
157,参加黑暴活动留案底，香港一武术世界冠军运动生涯完结，当庭痛哭,https://www.163.com/dy/article/G4SN0LON05504DLJ.html
158,何建宗：香港特色民主制度，都有哪些“特色”？,https://news.163.com/21/0312/07/G4SE5HG500018AP1.html
159,战机升空7分钟可现身台北上空？台媒炒解放军扩建“前线机场”，岛内学者忧“会被突袭”,https://news.163.com/21/0309/09/G4KVLJNQ00019K82.html
160,最高检：三年来起诉涉黑犯罪5.4万人，是之前三年近12倍,https://news.163.com/21/0308/16/G4J2GEQT00018AOR.html
161,新生代党政干部崭露头角！全国“80后”正厅级六成为女性，最年轻的是她--上观,https://news.163.com/21/0308/14/G4IRL77500018AP2.html
162,前反对派议员杨岳桥狱中被反问“有案底人生是否精彩”，爆粗回应,https://news.163.com/21/0308/10/G4IGDLCH00018AP1.html
163,王毅：希望外媒不要用“灰黑滤镜”，更多外国记者成为“新时代的斯诺”,https://news.163.com/21/0307/21/G4H3PHA100018AP1.html
164,观察者网一周军评：2000亿美元的新时代,https://news.163.com/21/0307/09/G4FQL08600018AP1.html
165,持续31年 1个案子被办成了20个 各省检察长坐不住了,https://www.163.com/dy/article/G4EAK7OO0521QBNK.html
166,"台""总统府""设摊位 开卖凤梨 岛内网友:再演呀 废物!",https://www.163.com/dy/article/G4EA558J0514R9OJ.html
167,"为了拍到""满意""的武警执勤照片 西方记者有多拼",https://www.163.com/dy/article/G4E5O20B05504DP0.html
168,航母辽宁舰和美舰碰面了,https://www.163.com/dy/article/G78UAKNP05504DP0.html
169,澳大利亚贸易部长：中国邀请我们，才能派团去,https://www.163.com/dy/article/G78U5V21051481US.html
170,BBC本想带节奏，结果带到中国主旋律上,https://www.163.com/dy/article/G78TOPLV05504DP0.html
171,快讯！俄媒：俄罗斯一架米格-31战机升空，以在太平洋上空拦截美侦察机,https://www.163.com/news/article/G77REHU30001899O.html
172,环球时报：美方接连出招 中国有三件武器,https://www.163.com/news/article/G777AU1O0001899O.html
173,日本拟将核电站废水排入大海 日渔民:往东京湾排啊,https://www.163.com/news/article/G773CECF0001899O.html
174,见中国不搭理，澳部长又想一招,https://www.163.com/dy/article/G761EILT05504DPG.html
175,菲利普亲王不为人知的十件事：曾是第一个向英女王下跪的臣民,https://www.163.com/dy/article/G75VDE150514R9L4.html
176,又下黑手，美国商务部将7家中国超级计算机实体列入“实体清单”,https://www.163.com/dy/article/G73L6UAM051481US.html
177,美国又“扣帽子”，赵立坚反问：中国军舰去墨西哥湾耀武扬威了？,https://www.163.com/dy/article/G732CJ5O051481US.html
178,美俄要开打？乌东重兵压境 俄派出100门大口径火炮,https://www.163.com/dy/article/G724QH7I05506O99.html
179,又一亚裔女性遇害，美国警方：无证据表明是种族仇恨犯罪,https://www.163.com/dy/article/G6QGMO2E051481US.html
180,徐泽宇：编造关于新疆的谎言时能不能走点心？,https://news.163.com/21/0405/09/G6QD4KAI00018AP1.html
181,“中国只用一代人时间，把贫穷国家变成美国对手”,https://www.163.com/dy/article/G6PGP2TJ05504DPG.html
182,社评：菲军方装腔作势的表演应该消停了,https://www.163.com/dy/article/G6PG0T4J0514R9OJ.html
183,万吨级大驱护卫，辽宁舰航母编队经宫古水道驶向太平洋，“御用摄影师”又漏拍……,https://news.163.com/21/0404/23/G6PC8D5S0001899O.html
184,澳媒：五眼联盟对华行动有个软肋，就是新西兰,https://www.163.com/dy/article/G6PBK0GE051481US.html
185,马来西亚外长记者会上秀中文：中马都是一家人,https://news.163.com/21/0402/11/G6IVIJ9300018AP1.html
186,外媒：缅甸军方要求关闭全国无线互联网,https://news.163.com/21/0402/10/G6IQ5JD000019B3E.html
187,服了！“长赐”号“堵船”事件后，苏贞昌竟称台湾“南波湾”？,https://www.163.com/dy/article/G6EISM6N05504DP0.html
188,刚刚，华春莹展示一组幻灯片：美国政客该从“楚门的世界”里清醒过来了！,https://www.163.com/dy/article/G6ECNPQ70514R9OJ.html
189,中国未给专家团队提供部分领域的原始数据？中方专家组长：不成立,https://www.163.com/dy/article/G6EA976H051481US.html
190,纳瓦罗又口出狂言：福奇是“病毒之父”，允许中国“制造病毒”,https://www.163.com/dy/article/G6E4589K051481US.html
191,李小轩：怎么让美国摆脱困境？拼命攻击中国啊,https://www.163.com/dy/article/G6DEL7U8051481US.html
192,CNN记者打疫苗被T恤抢了镜，网友：美国地狱般的一年,https://www.163.com/dy/article/G6CFKM7I051481US.html
193,警惕！澳、加军舰在南海出没,https://news.163.com/21/0330/17/G6BS9NVF0001899O.html
194,《纽约时报》:中国扩大朋友圈 想主导新的世界秩序”,https://news.163.com/21/0330/13/G6BEU2H400019B3E.html
195,拜登会与金正恩见面吗？白宫：这不是他的打算,https://news.163.com/21/0330/13/G6BEKM4600019B3E.html
196,联邦政府泄密邮件显示:白宫正淡化拜登对白宫的掌控,https://news.163.com/21/0330/11/G6B8T4K30001899O.html
197,古特雷斯称联合国应不受限制访问新疆 外交部回应,https://news.163.com/21/0330/07/G6ANU0LS0001899O.html
198,苏伊士运河堵塞事故统计数据：延误的货物价值高达620亿美元,https://www.163.com/dy/article/G69T0DRC053469RG.html
199,中国与阿联酋启动合作灌装中国疫苗生产线项目，美媒酸了,https://news.163.com/21/0329/19/G69G689G00018AP1.html
200,无印良品中国回应：“深表关注”不意味赞同任何具体内容,https://www.163.com/dy/article/G69CLMOJ05504DPG.html
201,白宫官网标注“拜登-哈里斯政府”，美媒：史无前例,https://news.163.com/21/0329/17/G699HOF900018AP1.html
202,赵立坚：吃着中国的饭，还砸着中国的锅，天下哪有这样的美事？,https://www.163.com/dy/article/G694KMFR0514R9OJ.html
203,外交学院王帆：“美方可能继续炒作中国负责论，我们要做好最坏准备”,https://news.163.com/21/0329/15/G692R88C00018AP1.html
204,新疆官员回应欧盟等涉疆制裁：失法、失理、失忆、失智,https://news.163.com/21/0329/15/G691F95700018AOR.html
205,联合国儿基会：对于缅甸儿童来说，又是一个悲惨的周末,https://news.163.com/21/0329/13/G68S753N00018AP1.html
206,新疆官员喊话H&M！,https://www.163.com/dy/article/G68QO9RL0512DU6N.html
207,被中方制裁的美国、加拿大有关人员和实体，有过哪些恶劣行径？,https://news.163.com/21/0328/00/G64RBUSF0001899O.html
208,2024美国总统选战已打响？ 美媒：目前共和党约20人争夺党内提名,https://news.163.com/21/0327/22/G64NBTGV0001899O.html
209,中国用“加码”制裁告诫英国，揭底被制裁9人4实体都有哪些劣迹斑斑行径？,https://news.163.com/21/0327/08/G63521P50001899O.html
210,刚果（布）将铁矿石开采权交给中资公司，澳企索赔573亿,https://news.163.com/21/0326/18/G61KS4KD00018AP1.html
211,英国前首相卡梅伦涉嫌违规游说受调查,https://www.163.com/dy/article/G60PRJOB05346RC6.html
212,美国贸易代表戴琦刚上任就密集游说盟友，喊话针对中国,https://news.163.com/21/0325/12/G5UD9N3R00018AP1.html
213,外交部：中俄是相互坚定支持的真伙伴真朋友,https://news.163.com/21/0324/16/G5S934NP0001899O.html
214,澳大利亚出口商发现 连干草出口中国也有麻烦了,https://news.163.com/21/0324/14/G5S415TC0001899O.html
215,澳外长称一直联系中国却未获回应 官媒评：又当又立,https://news.163.com/21/0324/13/G5RVOL5Q00019B3E.html
216,朝鲜1万套新式住宅工程奠基 金正恩:让人民安居乐业,https://news.163.com/21/0324/09/G5RJ3E9900019B3E.html
217,又不是6年了？美军太平洋舰队司令也来渲染：大陆“入侵台湾”可能比预想更早,https://www.163.com/dy/article/G5RGV7KV0514R9OJ.html
218,那英也救不了浪姐2,https://www.163.com/data/article/G75RGL7I000181IU.html
219,20年多后，她也亲手杀死了孙女,https://www.163.com/renjian/article/G74Q8RUG000181RV.html
220,在历史的缝隙和苦难中，我们理解了亲人,https://www.163.com/renjian/article/G72N0JFF000181RK.html
221,用拳头KO抑郁症，她是拳击场上最耀眼的女王,http://renjian.163.com/21/0408/09/G7269JIO000181RV.html
222,跟名校大师打交道，我们做书就像在分赃,http://renjian.163.com/21/0407/10/G6VN025H000181RV.html
223,葬礼上，他第一次看见父亲,http://renjian.163.com/21/0406/14/G6TGV0D0000181RK.html
224,2021，我们家与一只猫久别重逢,http://renjian.163.com/21/0406/10/G6T3N1AC000181RV.html
225,看了下墓地的价格，我选择活着,http://data.163.com/21/0404/14/G6OCC4VS000181IU.html
226,大国企里养着的上访户们,http://renjian.163.com/21/0402/10/G6ISICHH000181RK.html
227,曾经看不上考公务员的人，如今都真香了,http://data.163.com/21/0401/20/G6H9DA0L000181IU.html
228,再婚的五爱大老板，在一场饭局之后自杀了,http://renjian.163.com/21/0401/09/G6G64G08000181RV.html
229,崇尚武力的散打队师兄，讲起道理却殒命了,http://renjian.163.com/21/0331/09/G6DK14FJ000181RV.html
230,打拼十几年，我在长沙垒起了属于自己的墙,http://renjian.163.com/21/0330/09/G6B1VVDM000181RV.html
231,总是找到渣男的她，图啥,http://renjian.163.com/21/0329/14/G690008F000181RK.html
232,做电竞女友这些年，我总算摸到了财富密码,http://renjian.163.com/21/0329/11/G68M5VMV000181RV.html
233,2021年最后悔的事，买基金排第一,http://data.163.com/21/0328/13/G667LU02000181IU.html
234,亲人走后，我们才开始学会告别,http://renjian.163.com/21/0326/09/G60LJVE5000181RK.html
235,《山河令》背后的耽改生意，越来越好做了,http://data.163.com/21/0325/19/G5V7JHO5000181IU.html
236,日喀则雪山上的运输兵,http://renjian.163.com/21/0325/09/G5U4H8JG000181RV.html
237,初代独生女：养老、房贷与网贷,http://renjian.163.com/21/0324/09/G5RIV88I000181RK.html
238,广西人怎么这么牛逼，发明了螺蛳粉,http://data.163.com/21/0323/11/G5P7VUOU00019GOE.html
239,秦淮河边的春光，映在这家彩扩店里,http://renjian.163.com/21/0323/10/G5P2APO9000181RV.html
240,全中国最默默无闻的省会，姓南,http://data.163.com/21/0322/20/G5NI11QI00019GOE.html
241,在东莞漂泊10年，我见证无数万人大厂倒下,http://renjian.163.com/21/0322/15/G5N05LF6000181RK.html
242,奶奶和擂茶粥，从不伤人心,http://renjian.163.com/21/0322/09/G5MEO97U000181RV.html
243,挣学生钱这件事，所有人都一样,http://renjian.163.com/21/0319/09/G5ELK5P4000181RV.html
244,与项飙、邹思聪聊聊非虚构的社会学意义,http://renjian.163.com/21/0317/14/G5A1SA0P000181RV.html
245,最受中国人欢迎的狗狗，田园犬和柯基都输给了它,http://data.163.com/21/0317/14/G5A0VLSE000181IU.html
246,九江这座城市，太风流了,http://data.163.com/21/0317/13/G59V185F00019GOE.html
247,发了财的豆腐叔，在赌桌上被“杀熟”了,http://renjian.163.com/21/0317/10/G59L9ODI000181RK.html
248,70万抵押贷款，将信贷科长撂倒在事业黄金期,http://renjian.163.com/21/0316/09/G56UJBK5000181RV.html
249,跳槽的互联网人：逃出大厂，败给真香,http://data.163.com/21/0315/21/G55KBUMR000181IU.html
250,唾骂声里留守的老人,http://renjian.163.com/21/0315/15/G54VD5I6000181RK.html
251,没有一头牛，能活着走出潮汕,http://data.163.com/21/0315/11/G54KJTQ200019GOE.html
252,追求女神7年，婚后他忽然就变了,http://renjian.163.com/21/0315/10/G54F5IT3000181RV.html
253,年轻人最爱的城市，别的没有，快乐管够,http://data.163.com/21/0312/19/G4TP1R5E000181IU.html
254,母亲离开了吸毒家暴的父亲,http://renjian.163.com/21/0312/10/G4SNJCF6000181RV.html
255,初代网瘾少年不打游戏了,http://renjian.163.com/21/0311/10/G4Q765GL000181RV.html
256,财务副科长的奢侈梦,http://renjian.163.com/21/0310/09/G4NH5AGV000181RV.html
257,废墟消失之前,http://renjian.163.com/21/0309/11/G4L61DET000181RV.html
258,三年特岗教师，我没了理想,http://renjian.163.com/21/0309/10/G4L16DSR000181RK.html
259,全中国最短命的专业，让我读上了,http://data.163.com/21/0308/19/G4JDPNR6000181IU.html
260,0元奶茶加盟，3个月负债20万,http://renjian.163.com/21/0308/11/G4IH61LU000181RV.html
261,中国人最爱的算命项目，星座和塔罗牌输给了它,http://data.163.com/21/0305/19/G4BN2QTQ000181IU.html
262,杀夫女的17年逃亡,http://renjian.163.com/21/0305/10/G4AP5UNH000181RV.html
263,“福星”儿子要败掉这个家,http://renjian.163.com/21/0304/11/G487VOCI000181RK.html
264,福建各市battle现场，福州已佛,http://data.163.com/21/0303/15/G465BPIS00019GOE.html
265,有再多的房子，他也不会再有一个家,http://renjian.163.com/21/0303/10/G45II2U8000181RV.html
266,奶奶走了，家差一点就散了,http://renjian.163.com/21/0302/11/G433I1QP000181RK.html
267,体制内相亲，脱单却更难了,http://renjian.163.com/21/0302/10/G42V95BK000181RV.html
268,中伊达成协议 歼-10C或出口 超越俄制战机,https://www.163.com/dy/article/G79TS28505504DOH.html
269,022导弹艇重现南海，向菲律宾发出强有力信号,https://www.163.com/dy/article/G79V5PAI0515CILV.html
270,中国渔船成“海上民兵”？美国这次又在贼喊捉贼,https://www.163.com/dy/article/G79LO5OV0514R9L4.html
271,委内瑞拉与非法武装交火，海军陆战队携中国外贸装甲车出镜,https://www.163.com/dy/article/G79F0R3A05158C06.html
272,中国歼-20战机大特写曝光，与F-22、F-35弹舱比哪家强？,https://www.163.com/dy/article/G79EH5F705158C06.html
273,美国海军发布照片：航母辽宁舰和美舰近距离碰面,https://www.163.com/dy/article/G78UAKNP05504DP0.html
274,中印两军举行第十一轮军长级会谈 西部战区回应,https://www.163.com/dy/article/G78TDS0G0512D3VJ.html
275,美舰穿航台海大秀“肌肉”，解放军火速反制,https://www.163.com/dy/article/G79UDVQ30550HKNY.html
276,美军C-17运输机起火：黑烟滚滚 旁边有多架军机,https://www.163.com/dy/article/G7A0K5180514R9L4.html
277,伊朗启动164台IR-6型离心机 开始生产浓缩铀,https://www.163.com/dy/article/G79U1FGF0514EGPO.html
278,五国军演，德媒挑衅，他们究竟意欲何为？,https://www.163.com/dy/article/G759DAD70535LRPL.html
279,被印军围剿几十年，纳萨尔派屹立不倒,https://www.163.com/dy/article/G7A2UKLL0543B4S9.html
280,美军的“航行自由”，让印度和日本心凉！,https://www.163.com/dy/article/G7A2NLUC051497H3.html
281,F-35项目失败几乎已成定局 美航母将成无人机航母,https://www.163.com/dy/article/G7A17N3J0515CILV.html
282,乌克兰东部紧张局势升级 俄警告美“负责地对待”,https://www.163.com/dy/article/G7A075H00514R9KD.html
283,乌克兰地区浓浓的战意 俄罗斯做好战斗的准备,https://www.163.com/dy/article/G7A4KTN3051481US.html
284,外媒：美军借两栖攻击舰在南海炫耀武力,https://www.163.com/dy/article/G77EGB970514BQ68.html
285,俄美互亮“核家底”：俄拥有1456枚 美国拥有1357枚,https://www.163.com/dy/article/G7733J170515CLPL.html
286,乌克兰再成美俄对峙前线：美伞兵演习 俄军队集结,https://www.163.com/dy/article/G7728R720514R9OJ.html
287,俄方：乌克兰加入北约或使乌东南部局势大规模升级,https://www.163.com/dy/article/G76BSII00514R9KD.html
288,德国大使称北约轰炸南联盟是必要的 塞尔维亚政要怒了,https://www.163.com/dy/article/G77BHKQN051481US.html
289,"台当局称若遭大陆攻击将""战斗到底"" 学者:就是个笑话",https://www.163.com/dy/article/G766QEE10514FGV8.html
290,台湾舰官投稿泄露雷达车机密 台媒称“防长”震怒,https://www.163.com/dy/article/G773FT6I0514R9OJ.html
291,台军“无意中泄露一个秘密” 事大了,https://www.163.com/dy/article/G77HLKO605504DOH.html
292,美伊在解除制裁问题上存分歧：将导致谈判陷入僵局,https://www.163.com/dy/article/G77D32ID0514R9P4.html
293,中国人权研究会：美国对外侵略战争造成严重人道主义灾难,https://www.163.com/dy/article/G77HM2D40514R9NP.html
294,美国外交官员：美国对重返伊核协议持非常认真的意向,https://www.163.com/dy/article/G77DS9EL051497H3.html
295,沙特防空部队拦截一枚来自也门的弹道导弹,https://www.163.com/dy/article/G779MPLU0534695S.html
296,媒体：南海不是美国维系霸权的竞技场,https://www.163.com/dy/article/G778G4JB0514R9NP.html
297,俄军舰艇前往黑海参加演习 美军考虑派舰“刷存在感”,https://www.163.com/dy/article/G777MT7F0550037C.html
298,伊以“袭船战”剑指伊核协议,https://www.163.com/dy/article/G7735S840514R9KQ.html
299,伊朗副外长表示维也纳会谈“具有建设性”,https://www.163.com/dy/article/G76JUTCL05346RC6.html
300,时隔49年，F15再度成为美军最新战机,https://war.163.com/photoview/4T8E0001/2311447.html
301,步兵插上翅膀 战士搭乘直-20机降,https://war.163.com/photoview/4T8E0001/2311452.html
302,正在进行改造的日本准航母 将搭载F-35B,https://war.163.com/photoview/4T8E0001/2311451.html
303,轰-6K战机夜间跨区远程机动训练,https://war.163.com/photoview/4T8E0001/2311450.html
304,人机联合作战 打仗就像打游戏,https://war.163.com/photoview/4T8E0001/2311448.html
305,德国大使称北约轰炸南联盟是必要的,https://www.163.com/dy/article/G753T8E205504DP0.html
306,不止是罗斯福号！美国海军又有一个战斗群已进南海,https://www.163.com/dy/article/G74P57NE05504DOH.html
307,"大陆无人机""进摧毁区该开火就开火"" 台军真敢吗？",https://www.163.com/dy/article/G74G02PL0514R9OJ.html
308,台湾海军军官投稿泄军事机密，连坐惩处估近百人,https://www.163.com/dy/article/G732LAPP055080L4.html
309,台军方：美国预计上半年陆续交运台湾新型方阵快炮,https://www.163.com/dy/article/G72UFIRR055080L4.html
310,美国到底有多好战？这个数字太惊人！,https://www.163.com/dy/article/G7504ECA05504DLJ.html
311,印度海军要建造24艘新潜艇，不出所料印媒又扯中国,https://www.163.com/dy/article/G74V578B0514R9OJ.html
312,美国承诺将作战部队撤出伊拉克，具体时间表未定,https://www.163.com/dy/article/G74TU5OS0514R9P4.html
313,韩国外交部：伊朗已释放扣留的韩国船只和船长,https://www.163.com/dy/article/G74TMTL30514R9KD.html
314,乌克兰总统视察乌东部冲突地区,https://www.163.com/dy/article/G74TJHO905346RC6.html
315,捷克人报告说家有坦克 警方：自己留着吧,https://www.163.com/war/article/G74R7CAT000181KT.html
316,"乌克兰如何抵御俄""入侵""？美专家:送乌军100架F15",https://www.163.com/war/article/G74R197S000181KT.html
317,台军方：解放军两架运8反潜机8日两度进入台空域,https://www.163.com/dy/article/G73DJ11K055080L4.html
318,“0蔗糖”不是“0糖”元气森林道歉,https://www.163.com/dy/article/G7AUC4HD0514R9KQ.html
319,阿里被罚 姚劲波贝壳开撕,https://www.163.com/money/article/G7AEL2TN00258105.html
320,突发!至少58人死亡 石油重镇现激烈交火,https://www.163.com/money/article/G79NGFA500259DLP.html
321,最多暴涨19倍！疫情之后这类股超级大反弹,https://www.163.com/money/article/G7AVVRVE00259DLP.html
322,医生自曝收回扣50多万 卫健委介入调查,https://www.163.com/money/article/G7AVFRM500259DLP.html
323,"""购房热""来了？有国家房价创几十年新高",https://www.163.com/money/article/G79O13F800259DLP.html
324,白酒资本论：酱酒热 高端热 钱热不热？,https://www.163.com/money/article/G79NM8SQ00258105.html
325,李克强：加强原材料等市场调节 缓解企业成本压力,https://www.163.com/money/article/G7B4BAJJ002580S6.html
326,ST柏龙审计机构被问询 媒体曾揭露其供应商蹊跷,https://www.163.com/money/article/G79VJ9J200258105.html
327,会员近30万人、流水超500亿元!这个特大案件告破了,https://www.163.com/money/article/G79U3ATI00259DLP.html
328,"罕见!董事长突遭罢免:曾""碾压""茅台 如今暴跌90%",https://www.163.com/money/article/G79SQBUC00259DLP.html
329,"董事长突遭罢免：曾""碾压""茅台 如今暴跌90%",https://www.163.com/money/article/G79S8E9T00259DLP.html
330,"""牙茅""怎么了?葛兰、高毅在加仓 张坤、归凯却减持",https://www.163.com/money/article/G79RH18H00259DLP.html
331,化工茅获近10亿增持 一季报曝光大佬们最新持仓股,https://www.163.com/money/article/G79OG5CS00259DLP.html
332,外贸信托汇金18号逾4亿踩雷始末:又现刚性兑付悬疑,https://www.163.com/money/article/G79NJM9C00258105.html
333,全球汽车缺芯或持续半年 美政府将召集芯片峰会,https://www.163.com/money/article/G7B05AGV002580S6.html
334,透视一周20大牛熊股:7天6板医美牛股被深交所盯上了,https://www.163.com/money/article/G7B1TU5N002580S6.html
335,最强风口！“碳中和”有哪些赚钱机会？,https://www.163.com/money/article/G7AUV0U2002580S6.html
336,首批集中供地清单陆续出炉 房企即将迎来拿地考验,https://www.163.com/money/article/G7B05IDQ002580S6.html
337,姚劲波指责贝壳垄断行为 分析师表示控诉有些娱乐化,https://www.163.com/money/article/G7B1BN2A002580S6.html
338,合肥房产局回应学区房新政：出现一些异常交易情况,https://www.163.com/money/article/G79S90G6002580S6.html
339,爆赚7500倍后 腾讯大股东还投了谁？,https://www.163.com/money/article/G79QO7GV00259DLP.html
340,"骗局曝光!花数万元""改运"" 好运没来却欠债累累",https://www.163.com/money/article/G79PD5FF00259DLP.html
341,美股散户热情达三年高点 这项指标会打破市场平静吗,https://www.163.com/money/article/G7B2HPPN002580S6.html
342,今年前100天全球接种7亿疫苗 26个经济体尚未开动,https://www.163.com/money/article/G7B2HROE002580S6.html
343,在线教育行业广告投放“踩刹车” 企业急寻流量洼地,https://www.163.com/money/article/G7B2LDF0002580S6.html
344,一场纠纷！创始人双双出局 深圳这家老牌创投怎么了？,https://www.163.com/money/article/G7B0DLSD00259DLP.html
345,这类业务火了！券商再迎增量盛宴,https://www.163.com/money/article/G7B0A1DA00259DLP.html
346,最新战绩曝光！超级牛散们一季度“押中”哪些股？,https://www.163.com/money/article/G7AK9VT4002580S6.html
347,全球经济分化严重 首席经济学家们怎么看？,https://www.163.com/money/article/G7ALI5AM002580S6.html
348,美债下一步怎么走？市场分歧从未如此之巨,https://www.163.com/money/article/G7AIORMH002580S6.html
349,白酒还“香”吗？中外机构如何看待白酒后市走势？,https://www.163.com/money/article/G79QKODE00259DLP.html
350,资管、自营业绩分化 券商年报凸显马太效应,https://www.163.com/money/article/G79O1VDR00258105.html
351,从19连板到净资产近负60亿 工大高新何以走到退市？,https://www.163.com/money/article/G79NPMRK00258105.html
352,"科创主题基金竟买成""债基"" 股票仓位仅10%",https://www.163.com/money/article/G79MIN2B00259DLP.html
353,网传温州一星巴克店内出现不雅视频,https://v.163.com/static/1/VI69VGCLI.html
354,本周水泥价格基本呈现全国性上涨 河南出现连续下调,https://www.163.com/money/article/G7B3UKLE00259FVR.html
355,结构性行情如何布局？54家公司月内获机构密集调研,https://www.163.com/money/article/G7AQ30UB002580S6.html
356,超一百万Clubhouse用户隐私数据泄露,https://www.163.com/money/article/G7AGBS8C002580S6.html
357,北上资金超6亿买入三一重工 聪明资金加仓股名单,https://www.163.com/money/article/G7AFBUME00259DLP.html
358,炒房客彻底慌了！房姐被判无期 最嚣张大V上了央视,https://www.163.com/money/article/G7AF23J700258105.html
359,医生自曝十年收回扣50万 卫健委介入调查,https://www.163.com/money/article/G7A7OMNK00259DLP.html
360,"元气森林道歉！无糖饮品大热背后 代糖生产商杀入""甜蜜战场""",https://www.163.com/dy/article/G7B7OEPQ0539QLK6.html
361,大宗商品价格上浮 我国供应链如何稳健应对？,https://www.163.com/money/article/G7AP9APT002580S6.html
362,“千万人口俱乐部”要增员？南京济南青岛长沙喊出了口号,https://www.163.com/money/article/G7AJCNER002580S6.html
363,荣盛石化将解禁126亿元 这些股票解禁压力大！,https://www.163.com/money/article/G7AF6D6H00258105.html
364,外媒分析：一美元芯片如何引发全球危机,https://www.163.com/money/article/G7AFE5I7002580S6.html
365,非法集资近144亿，又一集资诈骗案开审,https://www.163.com/money/article/G7A7Q7U200259DLP.html
366,"打起来了！姚劲波""举报""贝壳 回应来了",https://www.163.com/money/article/G79M5OBA00259DLP.html
367,坐牢18年，264套房，他是骗子还是天才？,https://www.163.com/dy/article/G76A6F7P05188ATT.html
368,全面客观看待阿里天价罚单及蚂蚁的商业模式,https://www.163.com/dy/article/G797PM9R0519NINF.html
369,马斯克：植入Neuralink后，瘫痪患者用手机如飞,https://www.163.com/tech/article/G79QKUAF00097U7T.html
370,8500万美元机智号直升机，为何起飞就等于成功,https://www.163.com/dy/article/G78KNTQ805329CR2.html
371,从排放之日起 日本核污水57天将污染半个太平洋,https://www.163.com/dy/article/G7AA08AO0512D3VJ.html
372,TikTok Q1蝉联全球APP下载量榜首 3月下载量超5800万,https://www.163.com/tech/article/G7A318JR00097U7R.html
373,OneWeb和SpaceX卫星险相撞 最近仅50多米,https://www.163.com/tech/article/G79QKKKK00097U7T.html
374,"中科大课题组：2.5亿年前地球生命大灭绝或因""镍雾霾""",https://www.163.com/dy/article/G7AH3AJL05346RC6.html
375,和唯品会干仗，李宁鞋炒到5万，得物做的是什么生意,https://www.163.com/dy/article/G7AGIKOA05118FFD.html
376,首次采用全面屏！iPad mini 6新渲染图曝光,https://www.163.com/dy/article/G7AG7P990511CPVM.html
377,全球最大核聚变装置ITER，即将启动彩排实验JET！,https://www.163.com/dy/article/G7AG44U905119734.html
378,蔚来下线10万辆，特斯拉中国总裁表态被批没格局,https://www.163.com/tech/article/G7A9T5TH000999LD.html
379,10万元起太贵？智能家居新赛道，华为小米布局有何不同？,https://www.163.com/dy/article/G7A8836S0511RIVP.html
380,"将核污水排入大海，日本""舍不得花钱""就要让世界买单？",https://www.163.com/dy/article/G7A83OQ00512D3VJ.html
381,特斯拉4680型电池被质疑难制造，但松下有信心量产,https://www.163.com/tech/article/G79QKBFK00097U7T.html
382,想关掉APP广告，为啥就这么难？,https://www.163.com/dy/article/G7AE65II0514R9P4.html
383,中国AI最高奖颁给中国自动驾驶第一人,https://www.163.com/dy/article/G7AB2VK20511DSSR.html
384,喷管裂缝？那就剪短6英寸！这还不是马斯克干过最疯狂的事,https://www.163.com/dy/article/G7A3P0GJ0532E7LA.html
385,显卡1天疯涨3000元 翻倍叫价一两万 老板苦劝：别买,https://www.163.com/dy/article/G775T0JE051496O0.html
386,怀进鹏谈AI：科技越是高歌猛进，越应思考伦理风险问题,https://www.163.com/dy/article/G7AFGG0F0514R9P4.html
387,顺丰巨亏，极兔、百世被罚，快递行业出了什么问题？,https://www.163.com/dy/article/G7ADA74S0530SM99.html
388,内存价格止不住：供应吃紧到年底、DDR3领涨,https://www.163.com/dy/article/G7A6EP8T0511CPVM.html
389,"南非发现的变种新冠病毒能够""突破""辉瑞疫苗",https://www.163.com/dy/article/G7A4SAT605198NMR.html
390,董明珠邀岳云鹏加入格力，来了就有一套房？！,https://v.163.com/static/1/VG6C6GDHU.html
391,全球首发6nm EUV 紫光展锐5G芯片提前3个月上市,https://www.163.com/dy/article/G79OSN7O0511CPVM.html
392,马云的告别悄无声，但无尽的财富仍在等待,https://www.163.com/dy/article/G79LKKHU0531T191.html
393,人民网评：“人脸识别第一案”终审判决意义非凡,https://www.163.com/dy/article/G7AK0KNE051497H3.html
394,"腾讯终止QQ这项收费功能，不再支持""付费入群""",https://www.163.com/dy/article/G7A8L1P0051288MF.html
395,火山休眠42年再次喷发 火山灰柱冲上万米高空,https://www.163.com/dy/article/G7A7DT7E0514R9KQ.html
396,李楠：我做手机时，敢随时和天猫京东任何一家翻脸！,https://www.163.com/dy/article/G7A5UTJF0519D4UH.html
397,三千公里5G远程手术！凌至培成功完成帕金森病脑起博器植入,https://www.163.com/tech/article/G7A48V3U00098IEO.html
398,美国费米实验室宣布缪子反常磁矩实验重大发现,https://www.163.com/dy/article/G78ICLK005346RC6.html
399,央视：手机清空并恢复出厂设置后，数据仍可恢复,https://www.163.com/dy/article/G78ET5KE0511B8LM.html
400,得物鉴假，唯品会称真，Gucci腰带鉴定谁在说谎？,https://www.163.com/dy/article/G78B7OAL05199DKK.html
401,年轻人买基金，小心被B站小红书的理财博主收割了你,https://www.163.com/dy/article/G78ADHTM0539LWQ1.html
402,阿联酋选拔两名新宇航员 其中一位是女性,https://www.163.com/dy/article/G788UBV6051497H3.html
403,"我仅用一支激光笔就""干翻""了自动驾驶汽车",https://www.163.com/dy/article/G785VGAQ05118OGM.html
404,元气森林道歉，乳茶宣传字样从“0蔗糖”变为“低糖”！,https://www.163.com/dy/article/G7A2ACSC0519D4UH.html
405,嫌二氧化碳多？氧气多的时候，地球是什么样的,https://www.163.com/dy/article/G79U2BIN0512KFEI.html
406,豪掷6亿炒虚拟货币！美图一个月狂赚1亿，顶主业干两年,https://www.163.com/dy/article/G79S04MR0512B07B.html
407,NASA火星直升机旋翼测试遇电脑故障，首飞推迟3天,https://www.163.com/tech/article/G79RM73000097U81.html
408,AirPods ?3尚未正式发布 但市场上已经出现了假冒产品,https://www.163.com/dy/article/G79N5UTL05119L7G.html
409,华为进专业办公显示器曝光：至少3K高分+90Hz高刷,https://www.163.com/dy/article/G79N5NVF0511CPVM.html
410,产生1厘米厚的黑土需要数百年，但流失掉只需一次盗挖,https://www.163.com/dy/article/G797M7KR05118OGM.html
411,借新能源东风，哈啰的两轮造车是好生意吗,https://www.163.com/tech/article/G7A9VIKD00097U7T.html
412,微软和外星人开用AMD处理器，英特尔地位不保,https://www.163.com/dy/article/G7A5DAQP0511F8IT.html
413,Clubhouse 130万用户个人资料简介被曝在网上泄露,https://www.163.com/tech/article/G79R176500097U7R.html
414,这届年轻人，越努力越内卷，如何避免陷入怪圈,https://www.163.com/dy/article/G79R0LCU0511WT04.html
415,国产量子芯片有好消息了：从设计到封装测试全链条开发,https://www.163.com/dy/article/G79PB7JE0514R9P4.html
416,"逾70家影视传媒企业联合声明：短视频""搬运工""太多，将集中维权",https://www.163.com/dy/article/G78FBELM053469RG.html
417,多家影视机构发布联合声明，是为版权保护还是为向短视频宣战？,https://www.163.com/dy/article/G78CUJPL0519D3BI.html
418,15投11铁!郭艾伦复出手感凉 多亏了队友,https://www.163.com/sports/article/G7B7LKA90005877V.html
419,疯狂!林皇继续开挂半场梅开二度 圆月弯刀惊呆,https://www.163.com/sports/article/G7B7QGPB00058781.html
420,意甲-C罗中柱莫拉塔破36天球荒 尤文3-1热那亚,https://www.163.com/sports/article/G7BB3SVF00058781.html
421,意甲-阿什拉夫助达米安建功 国米1-0取11连胜领跑,https://www.163.com/sports/article/G7B2U6UK00058781.html
422,"凄凉!梅西马德里冷雨中瑟瑟发抖 换球衣被骂""懦夫""",https://www.163.com/sports/article/G7AMITH900058781.html
423,郭少复出10+8辽篮力克北控 弗格28分韩德君19+18,https://www.163.com/sports/article/G7B7E9GA0005877V.html
424,辽篮为老叔郭士强续命！北控广州最后一场定生死票,https://www.163.com/sports/article/G7B83FJJ0005877V.html
425,周琦被哈德森撞击后身体不适 在场边直接吐了…,https://www.163.com/sports/article/G7AKKJQ30005877V.html
426,杜兰特22+7+5失误高达8次 垃圾时间发呆冲上热搜,https://www.163.com/sports/article/G7A2P0I80005877U.html
427,湖人8人上双25分大胜篮网 KD22+7+5庄神20+11,https://www.163.com/sports/article/G7A2C7CD0005877U.html
428,教育局局长跳霹雳舞为学生减压 网友:快出道吧!,https://www.163.com/sports/article/G7ARGE6100058782.html
429,范志毅劝李铁:世界顶薪教练也就做成这样 别有压力,https://www.163.com/sports/article/G7AL4K9G00059ADR.html
430,北控领先广州1个胜场 最后一场角逐季后赛名额最后一席,https://www.163.com/dy/article/G7BCNKQN0529AQIE.html
431,意甲-法比安建功奥斯梅恩破门 那不勒斯2-0桑普暂升第四,https://www.163.com/dy/article/G7BCP4B10529AQIE.html
432,他来，他见，他征服！！林皇梅开二度+策动集锦,https://www.163.com/dy/article/G7BCNLT70529AQIE.html
433,杨鸣：艾伦需要慢慢调整 弗格对辽宁是补强 泰勒状态仍待考究,https://www.163.com/dy/article/G7BCNKV30529AQIE.html
434,西汉姆官方艾特英超：如果只从1月开始算，林皇能赢赛季最佳吗？,https://www.163.com/dy/article/G7BCNKVI0529AQIE.html
435,意甲-罗马vs博洛尼亚首发出炉,https://www.163.com/dy/article/G7BCNL0T0529AQIE.html
436,西班牙四台：国家德比后，皮克认为巴萨能赢下国王杯,https://www.163.com/dy/article/G7BCNL530529AQIE.html
437,索尔斯克亚：詹姆斯周四受了伤，休息和恢复是目前最重要的,https://www.163.com/dy/article/G7BCNL6A0529AQIE.html
438,西汉姆2021年已获10场英超胜利，全联赛仅曼城比他们多,https://www.163.com/dy/article/G7BCNKOL0529AQIE.html
439,英超积分榜：曼城一骑绝尘，争四形势进入白热化,https://www.163.com/dy/article/G7BCNLTT0529AQIE.html
440,这就是梦魇？北控队史对阵辽宁从未取胜 苦吞16连败,https://www.163.com/dy/article/G7BCNKQT0529AQIE.html
441,弗格谈战旧主：教练要求我做的 我就100%去执行,https://www.163.com/dy/article/G7BCNKMF0529AQIE.html
442,CBA第55轮综述：北控广州厮杀季后赛门票 浙江终结广东十连胜,https://www.163.com/dy/article/G7BBJ5600529AQIE.html
443,广东常规赛输给同一个对手两次 2017-18赛季后首次,https://www.163.com/dy/article/G7BBJ24T0529AQIE.html
444,麦肯尼已为尤文打进6球，超过沙尔克生涯总进球数,https://www.163.com/dy/article/G7BB9V820529AQIE.html
445,登贝莱：之前老受伤并非因为生活习惯不好 梅西帮了我们很多,https://www.163.com/dy/article/G7BBA1KU0529AQIE.html
446,德转：前江苏队球员杨笑天自由转会广州城,https://www.163.com/dy/article/G7BB9VKD0529AQIE.html
447,赖斯起立致敬林皇，西汉姆官博：坐下坐下，常规操作,https://www.163.com/dy/article/G7BB9VUJ0529AQIE.html
448,广东常规赛输给同一个对手两次 2017-18赛季后首次,https://www.163.com/sports/article/G7BB9KHU00059ADR.html
449,雷霆主帅：贝兹利努力训练让他回归早于预期 明天评估波库的伤势,https://www.163.com/dy/article/G7BAG9JS0529AQIE.html
450,尼克-杨：我喜欢杜兰特的做法 如果你不喜欢一个人就直接说出来,https://www.163.com/dy/article/G7BAGA090529AQIE.html
451,默森：林加德重返曼联只踢联赛杯没意义，他的身价每周都在上涨,https://www.163.com/dy/article/G7BAG9EK0529AQIE.html
452,弗格28分 约瑟夫-杨45+8+8 韩德君19+18 辽宁横扫北控迎5连胜,https://www.163.com/dy/article/G7BA8UBC0529AQIE.html
453,林皇两球一策动，莱斯特官博：三球落后，小狐狸做错了什么,https://www.163.com/dy/article/G7BA911E0529AQIE.html
454,那个...这场比赛看一下叭！麦肯尼破门助尤文3-1领先,https://www.163.com/dy/article/G7BA8UQI0529AQIE.html
455,梅开二度！基恩和小雷称赞林加德上半场出色表现,https://www.163.com/dy/article/G7BA8U230529AQIE.html
456,热刺vs曼联首发出炉,https://www.163.com/dy/article/G7BA8U7N0529AQIE.html
457,不可阻挡！赖斯赞美林加德半场表现,https://www.163.com/dy/article/G7BA8U2J0529AQIE.html
458,今天结束的7场比赛分差均在15分及以上 创NBA历史纪录,https://www.163.com/dy/article/G7BA8TPV0529AQIE.html
459,37岁零78天！罗本成为格罗宁根在荷甲年龄第二大的出场球员,https://www.163.com/dy/article/G7BA8U1L0529AQIE.html
460,高效！西汉姆对阵莱斯特城上半场3脚射门，林加德打进2球,https://www.163.com/dy/article/G7BA8TJ50529AQIE.html
461,树挪死，林挪皇！林加德献助攻单场造三球,https://www.163.com/dy/article/G7BA8TQR0529AQIE.html
462,曝国际泳联官员泄露文件陷害索普 导致24岁退役,https://www.163.com/sports/article/G7B9IE9T00058782.html
463,孙铭徽调侃周琦:赛前少吃点 后者罕见回怼网友恶评,https://www.163.com/sports/article/G7B95M9J0005877V.html
464,半场-库卢破门莫拉塔建功 尤文暂2-0领先热那亚,https://www.163.com/dy/article/G7B8VJRS0529AQIE.html
465,你的林皇，生涯新高！林加德英超生涯首次连续四场破门,https://www.163.com/dy/article/G7B8T7GK0529AQIE.html
466,9场8球！林加德追平英超生涯单赛季最多进球数,https://www.163.com/dy/article/G7B8T4S60529AQIE.html
467,林皇弯弓射蓝狐！林加德凌空侧身卧射破门,https://www.163.com/dy/article/G7B8TBRQ0529AQIE.html
468,刘诗诗穿薄荷绿裙秀香肩 温柔清新,https://ent.163.com/photoview/00AJ0003/681110.html
469,名下火锅店砸伤食客 陈赫发致歉声明：已达成和解,https://www.163.com/ent/article/G7B155HK00038FO9.html
470,张恒懒理与郑爽官司带孩子出游 怀抱俩娃父爱满满,https://www.163.com/ent/article/G7AD41T300038FO9.html
471,姚安娜5亿豪宅曝光？占地2000平 出行靠直升机,https://www.163.com/ent/article/G79QB9CQ00038FO9.html
472,《姐姐2》总决赛那英获奖周笔畅陪跑 投票有内幕？,https://www.163.com/ent/article/G7B6OF1I00038FO9.html
473,陈小纭又被骂绿茶：合照霸占C位 晒图只顾自己好看,https://www.163.com/ent/article/G79SSL9D00038FO9.html
474,官宣恋情！王子文晒与吴永恩合照 为其改英文名,https://www.163.com/ent/article/G79LE35600038FO9.html
475,秦岚红唇配斜肩裙气质温柔 美腿又细又白,https://ent.163.com/photoview/00AJ0003/681108.html
476,宋茜拍大片秀深V 蜂腰翘臀很迷人,https://ent.163.com/photoview/00AJ0003/681107.html
477,baby穿黑裙露美背 性感妖娆,https://ent.163.com/photoview/00AJ0003/681106.html
478,马丽自曝曾患抑郁症长达一年：觉得活着没意思,https://www.163.com/ent/article/G7AKJNB000038FO9.html
479,撒贝宁外籍妻子晒甜蜜亲吻照 纪念结婚五周年,https://www.163.com/ent/article/G79TVLHI00038FO9.html
480,李嘉欣晒与许晋亨合照 两人笑对镜头十分恩爱,https://www.163.com/ent/article/G79TOQIK00038FO9.html
481,郭晶晶带长子陪婆婆出席活动 一家人罕见同框,https://www.163.com/ent/article/G79MKSH300038FO9.html
482,张雨绮穿金色礼裙高贵冷艳 深V收腰秀好身材,https://ent.163.com/photoview/00AJ0003/681114.html
483,陈赫火锅店天花板砸伤顾客 双方就赔偿僵持不下,https://www.163.com/ent/article/G79VSC4400038FO9.html
484,杜江霍思燕吃宵夜被偶遇 高调牵手对唱情歌,https://www.163.com/ent/article/G79UDVC000038FO9.html
485,袁咏仪自曝想生二胎 曾人工受孕未果,https://www.163.com/ent/article/G7A5F72300038FO9.html
486,"又打脸！辛巴否认退网：喝酒了记不清楚,以后少播",https://www.163.com/ent/article/G7A14IRF00038FO9.html
487,谭卓穿白裙显纯净灵动 女人味十足,https://ent.163.com/photoview/00AJ0003/681109.html
488,公开恋情？伊能静儿子晒合照为“女友”庆生,https://www.163.com/ent/article/G79TF7TF00038FO9.html
489,《延禧攻略》回忆杀！秦岚与吴谨言谭卓重聚,https://www.163.com/ent/article/G79LSE9000038FO9.html
490,王鸥穿卡其色套装上演机场时装秀 腰细腿长,https://ent.163.com/photoview/00AJ0003/681111.html
491,心动预警！白宇蓝西服搭小白鞋清爽有型,https://ent.163.com/photoview/00AJ0003/681113.html
492,京剧荀派表演艺术家陆正红逝世 享年86岁,https://www.163.com/ent/article/G7A0GPPT00038FO9.html
493,“最美军嫂”张馨予的另类成名史 和她背后的男人,https://www.163.com/dy/article/G78PCCFD05521FC7.html
494,成龙回安徽认祖，在穷大哥家只逗留10多分钟,https://www.163.com/dy/article/G78520AA0537KRFW.html
495,“浪姐”贾青陷不雅照传闻，送“安全裤”给导演,https://www.163.com/dy/article/G77UN97G0543S5OG.html
496,“爬床公主”杨颖心机上位史 和她取悦过的男人们,https://www.163.com/dy/article/G774CLBR0537LAVW.html
497,刘诗诗情史录，她为什么选择了吴奇隆？,https://www.163.com/dy/article/G76RSBR70537TR1B.html
498,王俊凯穿繁花西装变复古少年 展别样魅力,https://ent.163.com/photoview/00AJ0003/681112.html
499,王子文发文官宣恋情！王大陆发文祝福,https://www.163.com/dy/article/G78U9GC305444GT9.html
500,难怪侯佩岑很少带儿子出镜 导演都不想多给镜头,https://www.163.com/dy/article/G78L3U7D0537LAVP.html
501,姚安娜5亿山顶城堡疑似曝光 撕破“接地气”伪装,https://www.163.com/dy/article/G789444H0537IP2E.html
502,林妙可杨沛宜两种不同的人生 张艺谋伤了2个女孩,https://www.163.com/dy/article/G76SHJ5L0537TR1B.html
503,林心如穿黑白裙戴千万珠宝 贵气十足,https://ent.163.com/photoview/00AJ0003/681097.html
504,辛巴进徒弟直播间宣布退网：被资本平台和流量打败,https://www.163.com/ent/article/G77HRIU100038FO9.html
505,范丞丞关晓彤拍吻戏cp感十足 网友：鹿晗不吃醋？,https://www.163.com/ent/article/G777AR9B00038FO9.html
506,马伊琍陪女儿参加拉丁舞比赛 12岁女儿大长腿抢镜,https://www.163.com/ent/article/G776J1N600038FO9.html
507,蒋勤勤刘涛不和？录节目疑公开表达对刘涛不满？,https://www.163.com/ent/article/G775F8OL00038FO9.html
508,张馨予小心扶肚被指怀二胎 在线辟谣：馒头吃多了,https://www.163.com/ent/article/G77CHKER00038FO9.html
509,郑恺为苗苗庆生送寿桃祝福 双方母亲同桌气氛和睦,https://www.163.com/ent/article/G77D52KV00038FO9.html
510,好萌！谢娜女儿假咳嗽骗糖浆喝 还要谢娜给拍拍背,https://www.163.com/ent/article/G78O1EED00038FO9.html
511,童瑶深色系知性范亮相气质高贵 格调简约,https://ent.163.com/photoview/00AJ0003/681099.html
512,胡可晒与沙溢结婚十年对比照:军艺校草变化大吗？,https://www.163.com/ent/article/G77SKH1D00038FO9.html
513,《李焕英》破54亿 片方：成绩属于每一位精神股东,https://www.163.com/ent/article/G77SVTEL00038FO9.html
514,洪金宝长子被父亲猛催生女 直呼：我又不是扭蛋机,https://www.163.com/ent/article/G77HG0VR00038FO9.html
515,王鸥拍大片慵懒魅惑 尽显曼妙身姿,https://ent.163.com/photoview/00AJ0003/681096.html
516,王晶发文悼念黄树棠：他是位好演员！,https://www.163.com/ent/article/G789H03400038FO9.html
517,《你好，李焕英》密钥延期 将延长上映至5月12日,https://www.163.com/ent/article/G77UJPQ600038FO9.html
518,刘诗诗穿纱裙 秀天鹅颈,https://lady.163.com/photoview/00A70026/118166.html
519,倪妮黑色束腰裙造型 风情万种,https://lady.163.com/photoview/00A70026/118167.html
520,下半年最时髦的元素，猜猜是啥？,https://www.163.com/dy/article/G792BMJR0518DCRR.html
521,想不到，女明星们都开始穿起旧衣服了！,https://www.163.com/dy/article/G75PGCKE05188SSU.html
522,谁说舒服又时髦，就只有回力了,https://www.163.com/dy/article/G7969PKB051285EO.html
523,10种配色，轻松表达高级感,https://www.163.com/dy/article/G791RVOI0518DCRR.html
524,凭什么你买表就是“理财”，姑娘买包就是败家？,https://www.163.com/dy/article/G7121T8105188DPA.html
525,当他们一起约你去郊游……,https://www.163.com/dy/article/G79NOB6C0518CTAD.html
526,女人，至少要有一件礼服,https://www.163.com/dy/article/G7918RBQ0518DCRR.html
527,个人内核太不稳定，朴春把自己整的越来越糟糕,https://www.163.com/dy/article/G78TD12Q0518BUB4.html
528,放松的女人，穿什么都很美,https://www.163.com/dy/article/G79100PB0518DCRR.html
529,很久没有一个鬼才能震惊时尚圈了？,https://www.163.com/dy/article/G72V15NN05188SSU.html
530,sunnee时装周来看秀 是街头软萌还是洒脱帅气,http://live.163.com/room/238188.html
531,2021年最流行的事：染头式讨彩头？,https://www.163.com/dy/article/G76N2OMG0518C3O6.html
532,这样扎头发，很好看！,https://www.163.com/dy/article/G76MPA770518825T.html
533,时髦精最爱的单品是衬衫，尤其是这三种款式,https://www.163.com/dy/article/G76506SH05385N5H.html
534,小姐姐穿开衫毛衣搭配白色波点连衣裙，温柔美丽,https://www.163.com/dy/article/G77CHKD90541RRS5.html
535,你只看到了话梅的光鲜，没看到县城美妆店的惨淡,https://www.163.com/dy/article/G77A1R0N05118O92.html
536,究竟是怎样一场大秀，重塑了我的时尚观？,https://www.163.com/dy/article/G75U2O1B05188DPA.html
537,连衣裙才是女人味的终极展现，浪漫迷人又高级,https://www.163.com/dy/article/G77JTG400518WGE8.html
538,小个子别执着于身高，色彩表现演绎“鬼马精灵”,https://www.163.com/dy/article/G77H3DK00533RAUD.html
539,基本但最耐看：牛仔裤不知从何找起？,https://www.163.com/dy/article/G77M6JEA0518802T.html
540,不会穿搭？学习这几种万能穿衣法则,https://www.163.com/dy/article/G783M1240538AT45.html
541,文咏珊露腰西装吸睛,https://lady.163.com/photoview/00A70026/118164.html#p=G7650MBN00A70026NOS
542,新晋流量龚俊西装造型清俊矜贵,https://lady.163.com/photoview/00A70026/118160.html#p=G74P9KKO00A70026NOS
543,金小妹最近戴的首饰其实是你20年前玩过的,https://www.163.com/dy/article/G73KFI8E0517DUPF.html
544,席卷潮流圈的Vibe风你跟上了吗？,https://www.163.com/dy/article/G73K04B10518D3S4.html
545,穿灯芯绒土气又显胖的关键问题，你一定要避免！,https://www.163.com/dy/article/G73JIN5H0518D7I4.html
546,冷调灰和春天更搭！不挑肤色清爽穿出高级感,https://www.163.com/dy/article/G73J2OBB0518BGGC.html
547,你的鞋子该换了！今春这3双才是真好穿,https://www.163.com/dy/article/G73IQ02O05389WHM.html
548,风衣如何穿出浪漫春日感？照着刘雯赵薇这样做,https://www.163.com/dy/article/G73IE20M053700TG.html
549,唐嫣瘦得过分了！脸上没肉线条凹陷,https://www.163.com/dy/article/G73G4TTO0538B1CG.html
550,瓜子脸OUT！现在流行的是圆脸,https://www.163.com/dy/article/G73NMFKG05387T2Q.html
551,娜扎樱花树下拍照 黑上衣配孔雀尾吊带裙清纯精致,https://www.163.com/dy/article/G73IP5UV05385N5H.html
552,白衬衫的10个护理技巧，太实用了！,https://www.163.com/dy/article/G741PFLS0518DCRR.html
553,周迅新广告穿包臀裙身材意外有料！淡妆也很美,https://www.163.com/dy/article/G73CRP2N05383WH2.html
554,陈婷与老公张艺谋同框 31岁年龄差完全看不出,https://www.163.com/dy/article/G74VG9EF0538B1CH.html
555,人类的穿衣历史是怎么进化的？,https://www.163.com/dy/article/G74UPPO60512LF4J.html
556,"用抽象气味定位性别，香水的""阳刚之气""是什么？",https://www.163.com/dy/article/G72JTECF0525AGAR.html
557,周迅登时尚杂志封面 演绎百变造型,https://lady.163.com/photoview/00A70026/118158.html#p=G70IEEEA00A70026NOS
558,古力娜扎“浪漫樱花造型”美成一道风景,https://lady.163.com/photoview/00A70026/118157.html#p=G70HRD5K00A70026NOS
559,今年春夏“奶油裙”是真的火，怎么搭配都好看,https://www.163.com/dy/article/G70VHPE605387T2Q.html
560,穿什么才能把别人甜晕？,https://www.163.com/dy/article/G71EM0RS05259SLJ.html
561,学这位时尚博主这样遮肚子，显瘦又时髦,https://www.163.com/dy/article/G7165JF105389TTU.html
562,春夏超火发色来了！巨显白巨好看,https://www.163.com/dy/article/G71188GF05389WHM.html
563,韩国女生的这些穿搭技巧很值得借鉴,https://www.163.com/dy/article/G712A7JI0518S5CB.html
564,小个子女生，怎么让自己显高显瘦？,https://www.163.com/dy/article/G7268V140538BSIU.html
565,2021年就要穿“针织衫+ 裙子”！美炸了,https://www.163.com/dy/article/G70UBRHU05387T2Q.html
566,“冲天”发型配针织外套，这造型也就她能驾驭,https://www.163.com/dy/article/G7153H280538B1CG.html
567,镜头下的杨幂好真实，穿浅色礼服裙微显胖,https://www.163.com/dy/article/G7118G6A0538B1CG.html
568,售价65.88-71.88万 奥迪e-tron Sportback正式上市,https://auto.163.com/21/0411/20/G7B3ULLI0008856R.html
569,上汽大通G20 PLUS/旅行家G20上市 售22.38万起,https://auto.163.com/21/0411/14/G7ADE05O0008856R.html
570,网易直播卖车 15款豪车优惠10-500万,https://auto.163.com/21/0411/20/G7B1J7F00008857F.html
571,小姐姐用手动挡翼豹代步 改装玩得飞起,https://www.163.com/dy/article/G7A9NAP60547LOCG.html
572,7座指挥官？Jeep将在巴西市场推出新车,https://auto.163.com/21/0411/09/G79TM2L90008856R.html
573,有豪华车的价格却没有豪华质感 Model X值得买吗,https://www.163.com/dy/article/G7AABQSV0527VP94.html
574,内饰巨变更好看 比亚迪第二代宋Pro将上市,https://auto.163.com/21/0410/08/G7770E010008856R.html
575,首次对外公开展示 恒驰将携9款车型参加上海车展,https://www.163.com/dy/article/G7ABCG8C0527U0GC.html
576,"日产""小号Ariya""曝光 续航超奥迪Q2L e-tron",https://www.163.com/dy/article/G7A7APF90547DDEC.html
577,起亚全新K3曝光 或搭1.6T引擎/今年5月发布,https://www.163.com/dy/article/G7A7APKP0547DDEC.html
578,续航419km 奔腾NAT正式上市推5款网约车,https://auto.163.com/21/0410/13/G77NVE750008856R.html
579,3月国内乘用车销量比2019年同期下滑超10%,https://auto.163.com/21/0411/10/G79V2ICT000884MM.html
580,广汽与华为合作开发L4级自动驾驶汽车 2024年量产,https://auto.163.com/21/0411/10/G79VE5L0000884ML.html
581,"和小米造车相比 滴滴造车早已""步步为营""",https://auto.163.com/21/0411/10/G7A06T85000884MM.html
582,上汽通用将加速电动及智能网联战略布局,https://auto.163.com/21/0411/10/G79VVC5R000884ML.html
583,戴雷加盟担任副总裁 恒大汽车迎战量产交付期,https://auto.163.com/21/0411/10/G79VNBFC000884ML.html
584,零跑汽车关联公司发生多项工商变更 增互联网销售,https://auto.163.com/21/0411/09/G79URIMA000884ML.html
585,除了大众高尔夫GTI 还能选择哪些入门钢炮？,https://www.163.com/dy/article/G7A7F91L0547BY1R.html
586,福特全新探险者ST版预售 动力超宝马X5,https://www.163.com/dy/article/G7A7APEP0547DDEC.html
587,特斯拉车主拉横幅再维权 为何拒绝第三方检测?,https://www.163.com/dy/article/G7A71QRV05278SVC.html
588,"汽车上""鲨鱼鳍""有啥用?不只是好看这么简单",https://www.163.com/dy/article/G7A6SPD90547B3C1.html
589,预算20万以内买车 你会选这几款豪华车吗？,https://www.163.com/dy/article/G7A5FJG105478SE4.html
590,越野之王悍马EV亮相 830马力3.5秒破百,https://www.163.com/dy/article/G7A5E7QL0547RHSM.html
591,只因卖得太火爆？坦克品牌成立新车也浮出水面,https://www.163.com/dy/article/G7A596R70527B5NG.html
592,创新底盘与动力系统加持 悍马将成最强越野EV？,https://www.163.com/dy/article/G7A54K8H052798OO.html
593,全新汉兰达/途观L等 上海车展必看的四款合资SUV,https://www.163.com/dy/article/G7A4S9A30547LBLK.html
594,保时捷Taycan Cross Turismo将于上海车展发布,https://www.163.com/dy/article/G7A3TE800527TGFG.html
595,展现对于未来的理解 这些概念车将亮相上海车展,https://www.163.com/dy/article/G7A3CLOO0547WFPA.html
596,宾利添越长轴距版新车来了 将于上海车展发布,https://www.163.com/dy/article/G7A30EOI0527TGFG.html
597,2021款奥迪A6 Allroad日常实用性测试报告,https://www.163.com/dy/article/G7A2TJTF0547LOCG.html
598,气场不输BBA 捷尼赛思GV70电动版路试谍照曝光,https://www.163.com/dy/article/G7A2PSEM0547IR9Q.html
599,新的选择 路虎发现运动版能否撼动奥迪Q5L吗？,https://www.163.com/dy/article/G7A2K6850517ATKF.html
600,公认的德系豪车气场无敌 入门就配6缸发动机,https://www.163.com/dy/article/G7A2CIEA0527BUUE.html
601,保时捷多款新车型会惊艳2021上海车展吗？,https://www.163.com/dy/article/G7A2AOE50527TGFG.html
602,大众ID.6预告图发布 两种风格/将于4月17日发布,https://www.163.com/dy/article/G7A1HBUC0527U0GC.html
603,搭1.5T动力 全新思皓QX将于上海车展首发,https://www.163.com/dy/article/G7A1FTKP0527TGFG.html
604,盘点上海车展即将出现的两款车 RS套件加持,https://www.163.com/dy/article/G7A19PNH05477C0A.html
605,坦克新LOGO公布 全新神秘车型即将上海车展发布,https://www.163.com/dy/article/G7A0V9BG0527U0GC.html
606,"工信部出手了 ""老头乐""将面临正规化",https://www.163.com/dy/article/G7A0M0Q60527BV1E.html
607,长安福特三年计划收官年：全新福睿斯重装出发,https://auto.163.com/21/0411/10/G79VI6MK000884ML.html
608,上汽3000亿砸智能电动领域 未来旗下多家公司上市,https://auto.163.com/21/0411/10/G79VAUEP000884ML.html
609,3月新能源汽车环比激增102% 头部额近五成,https://auto.163.com/21/0411/10/G79V5P5Q000884MM.html
610,恒驰携家族车型亮相上海车展 届时9款车亮相,https://www.163.com/dy/article/G79V4NF605279745.html
611,全新一代长安CS55 PLUS 将亮相上海车展,https://www.163.com/dy/article/G79URUCM0527A0UJ.html
612,国货崛起 新老势力们交出了怎样的首季成绩单?,https://www.163.com/dy/article/G79UO4MB0547LSZV.html
613,小号S级稳妥了 疑似为全新奔驰C级长轴版官图曝光,https://www.163.com/dy/article/G79U6II40547UDLB.html
614,特斯拉车内摄像头视频再曝光：实时监控司机状态,https://www.163.com/dy/article/G79U4U610527C2IL.html
615,外观内饰变新更新潮 星途TX超能四驱版首发,https://www.163.com/dy/article/G79TTU2E0527AQ4N.html
616,阿尔法·罗密欧Tonale 9月亮相/2022年开始生产,https://www.163.com/dy/article/G79T9GJJ05279745.html
617,雅马哈神秘车型再一次回归?X-MAX300有望下调定价,https://www.163.com/dy/article/G79PJFOR0527K5HH.html
618,弘阳地产、金地商置一季度分别销售约195亿、145亿,http://bj.house.163.com/21/0411/08/G79RAKFJ000782A4.html
619,绿地香港：一季度销售额64亿元，完成年度目标10.7%,http://bj.house.163.com/21/0411/08/G79R8AAR000782A4.html
620,回乡祭祖房子被拆，严查“没多大事”背后有没有“事”,http://bj.house.163.com/21/0411/08/G79QO307000782A4.html
621,徐州：2010年以来存量住宅项目252个，100个未动工,http://bj.house.163.com/21/0411/08/G79QGGJB000782A4.html
622,房产交易渠道“二选一”频现，专家：垄断地位带来超额定价,http://bj.house.163.com/21/0411/08/G79QCL9C000782A4.html
623,单月成交2.2万套 北京二手房市场“小阳春”会持续吗？,http://bj.house.163.com/21/0411/08/G79Q85DG000782A4.html
624,住建部年内关注13个城市 其中3城被列入监测名单,http://bj.house.163.com/21/0411/08/G79Q46IN000782A4.html
625,央视关注“炒学区房”：资产焦虑叠加学区焦虑,http://bj.house.163.com/21/0411/08/G79Q3353000782A4.html
626,全国多地楼市调控升级 监管部门开出百万级罚单,http://bj.house.163.com/21/0411/08/G79Q0C8K000782A4.html
627,完善房地产市场调控 财政可“兵分两路”,http://bj.house.163.com/21/0411/08/G79PTJMC000782A4.html
628,大叔花55万在日本买双层洋房 客餐厨只有20平,https://home.163.com/21/0411/07/G79KNVRR00108GL2.html
629,港女搬出男友的200平豪宅 每月花1.6万租蜗居,https://home.163.com/21/0411/07/G79KNSUE00108GL2.html
630,单身小哥打造59㎡日式一人居 无印良品看了想给钱,https://home.163.com/21/0411/07/G79KNTCN001098BQ.html
631,陕西大爷移居泰国 花200万买两栋别墅打通来住,https://home.163.com/21/0411/07/G79KNRPS00108GL2.html
632,大悦城的“中年危机”：重组后首次由盈转亏,https://www.163.com/dy/article/G794LF180515C31A.html
633,30㎡奇葩长条户型 改造后变成明亮通透的豪宅,https://www.163.com/dy/article/G791JK730520B5DI.html
634,阳台到底要不要封？为了这1㎡差点和物业打架,https://www.163.com/dy/article/G7916S360520B5DI.html
635,“购房热”来了？多个国家房价涨幅创下数年来之最,https://www.163.com/dy/article/G78US6OL0519814N.html
636,合肥将严查国有投资项目和房地产项目！,https://www.163.com/dy/article/G78KIK0R05149E7P.html
637,豪华帐篷竟然拥有一室一厅 网友：也太享受了,https://www.163.com/dy/article/G78FVJD70540B11V.html
638,小伙花30万在小城镇给爸妈买房 装修费仅花7万,https://www.163.com/dy/article/G78C1OLG05258H6P.html
639,有钱人家阳台都不晾衣服 这样设计用起来更爽,https://www.163.com/dy/article/G78ADV4J0540B11V.html
640,卧室餐厅位置互换 广州屋主打造182㎡现代豪宅,https://www.163.com/dy/article/G789RG0H0520B1T6.html
641,卫生间淋浴区别再装挡水条了 聪明人都改用这种,https://www.163.com/dy/article/G7877IGF05258H6P.html
642,多地集中整治“炒学区房”，专家解读：治根还得均衡教育资源,https://www.163.com/dy/article/G77VK5HU0519814N.html
643,小阳台这样简单改造一下 绝对比花园还要漂亮,https://www.163.com/dy/article/G72R2VP60535AGF9.html
644,越来越多人都不挂窗帘 贴层防晒膜省钱还美观,https://www.163.com/dy/article/G75D65TP0540B07R.html
645,真相比“膝斩”更残酷：为了卖房，香河开发商几乎用尽了所有手段,https://www.163.com/dy/article/G77APEHP0535176X.html
646,大兴机场线每逢周五、周日延长末班车运营时间,http://bj.house.163.com/21/0410/07/G773OR0V000782A4.html
647,景甜豪宅带超大落地窗 狗狗拥有专属粉嫩小屋,https://www.163.com/dy/article/G767EHOB0540DZRJ.html
648,燕郊的地铁来了！11项招标齐发、四年半建成！,http://bj.house.163.com/21/0410/07/G7737SVN000782A4.html
649,机构：预计2021年房地产投资会稳定增长,http://bj.house.163.com/21/0410/07/G7732VMR000782A4.html
650,北京严查房地产市场违规行为 阿里旗下“闲鱼网”被约谈,http://bj.house.163.com/21/0410/07/G7731H2S000782A4.html
651,京沪深学区房调查：“鸡娃”与“信仰”,http://bj.house.163.com/21/0410/07/G772T5A7000782A4.html
652,物管卡位社区团购，手握业主资源就可以躺赢？,http://bj.house.163.com/21/0410/07/G772Q077000782A4.html
653,一线城市调控从严，北京严查“学区房”炒作,http://bj.house.163.com/21/0410/07/G772OQGF000782A4.html
654,一季度业绩普遍“亮眼”，房企加速去化回款应对集中供地潮,http://bj.house.163.com/21/0410/07/G772M85U000782A4.html
655,三亚今年计划供地357公顷，宅地中安居房和保障房占六成,http://bj.house.163.com/21/0410/07/G772GG6D000782A4.html
656,胡杏儿三胎得子 香港豪宅里的婴儿房布置用心,https://home.163.com/21/0410/07/G772B9C600108GL2.html
657,要多有钱才住得起古堡？每年光取暖费就要32万！,https://home.163.com/21/0410/07/G772B7NU001098BQ.html
658,电竞主播花91万装修165平豪宅 卧室竟然没放床,https://home.163.com/21/0410/07/G772B79500108GL2.html
659,徐州“323”调控新规：集中供地，成品住房比例控制在40%,http://bj.house.163.com/21/0410/07/G772ARQG000782A4.html
660,四部门出台政策，可在海南购房的“非居民”指的是谁？,http://bj.house.163.com/21/0410/07/G7729J6G000782A4.html
661,“深房理”炒房团被查 业内：控制住“杠杆”，深圳楼市必降温,http://bj.house.163.com/21/0410/07/G77283VK000782A4.html
662,3项目下发预售许可预告 房山旭辉城只要2.9万/㎡,https://www.163.com/dy/article/G7721Q170515QRNF.html
663,北京这里的房子，买起来就像开“盲盒”,https://www.163.com/dy/article/G7720M9H0515QRNF.html
664,刷新89平神户型上限？谁在惹火顺义楼市,https://www.163.com/dy/article/G771UBFS0515QRNF.html
665,装修前没有做好功课 这12个地方被坑了不少钱,https://www.163.com/dy/article/G76M7V1E05428SZ1.html
666,灰色地砖配什么颜色的房门？选对了更显大气,https://www.163.com/dy/article/G7526OEE0520808E.html
667,日本不婚主义女孩毕业3年就买房 一个人独享58㎡,https://www.163.com/dy/article/G74459EI0539QLKD.html
668,拜登为何提名他为NASA新掌门？,https://www.163.com/dy/article/G79N9FNJ0514BE2Q.html
669,开门红！中国成功发射试验六号03星,https://www.163.com/dy/article/G79SN8280550IUEI.html
670,在最高等级的4F级机场坐飞机啥感觉？,https://www.163.com/dy/article/G79EFR4P0550BD8A.html
671,波音建议停飞部分737MAX飞机以解决潜在电气问题,https://www.163.com/dy/article/G7A58FS40514TTOH.html
672,脸书屏蔽纪念加加林太空飞行60周年节目 俄政府抗议,https://www.163.com/dy/article/G7A3P3OH0514R9P4.html
673,阿联酋宣布选出阿拉伯世界首位女性宇航员,https://www.163.com/dy/article/G7A226N10514R9P4.html
674,宇航员的太空“百宝箱” 你见过几个？,https://www.163.com/dy/article/G79UTID905129C83.html
675,NASA “机智号”火星直升机测试出错 首飞推迟,https://www.163.com/dy/article/G79L2GDE0511B8LM.html
676,国内机场最新排名！广州跃居全球第一,https://www.163.com/dy/article/G76BOEVH0530C9BC.html
677,详解土耳其之星飞行表演队 NF5战机有60年历史,https://www.163.com/dy/article/G75U32IS0515AA35.html
678,首家！国家级无人机航空飞行营地落户珠海,https://www.163.com/dy/article/G75NMB42055004XG.html
679,波音：部分737MAX客机运营前需解决电气问题,https://www.163.com/dy/article/G7766OLA0514R9P4.html
680,飞哪不知道，这种机票都有人买 机票盲盒遭疯抢,https://www.163.com/dy/article/G77600CA055040N3.html
681,波音777起飞后显示货舱门打开 盘旋10圈返航,https://www.163.com/dy/article/G76CPRA105149B9C.html
682,为救治断指的3岁小孩 东航提前34分钟抵达,https://www.163.com/dy/article/G75LNK5E05506BEH.html
683,Aerion公司将开发新一代超声速客机AS3,https://www.163.com/dy/article/G75JS20K05148ALS.html
684,中国这个卫星发射中心迎来今年首飞任务,https://www.163.com/dy/article/G75ECBFC055040N3.html
685,拜登畅谈超音速飞机旅行前景 称十年内可圆梦,https://www.163.com/dy/article/G75BQ2VC05118QUG.html
686,拉萨贡嘎机场新航站楼开展灯光调试,https://news.163.com/air/photoview/56NT0001/2311453.html
687,汉莎航空将A350改造为气象研究飞机,https://news.163.com/air/photoview/56NT0001/2311449.html
688,拉美航空将在近期退役全部A350客机,https://www.163.com/dy/article/G74Q2H2305148ALS.html
689,“机智号”火星直升机拟11日尝试首次动力飞行,https://www.163.com/dy/article/G74LH1JQ0514R9NP.html
690,我国成功发射试验六号03星,https://www.163.com/dy/article/G74KG8RV0514CDBK.html
691,湖南“航升一号”卫星出征 4月底发射升空,https://www.163.com/dy/article/G73GT16H0514EV7Q.html
692,男子谎称有炸弹致航班返航 乘客:满脑子是空难场景,https://www.163.com/news/article/G73807ES0001899O.html
693,人民财评：切莫将此“北斗”混同于彼“北斗”,https://www.163.com/dy/article/G730T1U705346936.html
694,埃航乘客空中产子　航班异地紧急降落,https://www.163.com/dy/article/G72VM2PK0514R9KQ.html
695,民航局对东方航空发出熔断指令,https://www.163.com/dy/article/G73MD6R40539AP40.html
696,空客在3月份共交付72架商用飞机,https://www.163.com/dy/article/G74UDB8505148ALS.html
697,网传灵宝一观光直升飞机坠落？官方通报来了！,https://www.163.com/dy/article/G74GK1ES0550B6IS.html
698,美旅游需求回升，各大航司恢复了飞行员招聘计划,https://www.163.com/dy/article/G73K309V0534IP97.html
699,从浦东到喀什，2021年上海旅游援疆包机首飞！,https://www.163.com/dy/article/G73BMI6E0530Q0OP.html
700,廉价航司：这是美国人开始旅行的最佳时机,https://www.163.com/dy/article/G72VROC00534IP97.html
701,文昌国际航天城管理局致谢海南航空,https://www.163.com/dy/article/G72PRJ6H05148ALS.html
702,阿提哈德航空定期航班首次由阿布扎比飞抵以色列,https://www.163.com/dy/article/G72KTCCR05149B4D.html
703,南航广州白云物流空服中心深圳前海综保区挂牌运营,https://www.163.com/dy/article/G754I6LC055004XG.html
704,日本隐藏70年骗了所有人，美国大呼发现太晚,https://www.163.com/dy/article/G753N4F505158QJA.html
705,阿联酋A380机队因777X交付延误将飞行更长时间,https://www.163.com/dy/article/G752464905148ALS.html
706,中国航空工业历程：烽火中，我迈出的第一步,https://www.163.com/dy/article/G74OQJBV05148ALS.html
707,让少年开飞机胡闹：1994年3月23日俄航593号坠毁,https://www.163.com/dy/article/G3G28R2705159NLJ.html
708,国际航协：2021年2月全球航空客运需求持续下跌,https://www.163.com/dy/article/G7409P290512B07B.html
709,专访联邦快递中国区总裁：中国货航市场潜力大,https://www.163.com/dy/article/G737OOM50514R9P4.html
710,国航厦门飞武汉飞机紧急返航！称系公共安全原因,https://www.163.com/dy/article/G727J5N105129QAF.html
711,莱特兄弟飞机的一块布料将在火星上飞行,https://news.163.com/air/photoview/56NT0001/2311446.html
712,东航执飞武汉复航首飞航班一周年,https://news.163.com/air/photoview/56NT0001/2311445.html
713,中国留学生在美意外死亡，校方称修理飞机时遇难,https://www.163.com/dy/article/G72HP48K0512D3VJ.html
714,成都天府国际机场空管工程通过第一批次行业验收,https://www.163.com/dy/article/G714PN170514R9NP.html
715,民航局向南航和意大利勒奥斯航空发出熔断指令,https://www.163.com/dy/article/G70R80N70514R9P4.html
716,英国罗罗公司将持续深化在华工业合作,https://www.163.com/dy/article/G70EUGBB05346RC6.html
717,超5000万剂！阿联酋航空再创疫苗运输新里程,https://www.163.com/dy/article/G709BIKK05148ALS.html
718,崴脚后 第一时间应该如何处理？,https://jiankang.163.com/21/0409/13/G757881K00388051.html
719,鼻涕眼泪流不停 别拿过敏不当回事儿,https://jiankang.163.com/21/0409/13/G757269000388052.html
720,身高真的天注定？“长高”产品贩卖焦虑,https://jiankang.163.com/21/0409/13/G756OBAT0038804V.html
721,减肥也可以吃坚果 “三控”吃法才不会胖,https://jiankang.163.com/21/0409/11/G750MJ5200388050.html
722,脸盲的痛苦，你们不懂,https://jiankang.163.com/21/0408/10/G72AUQM00038804G.html
723,一组图看武汉今昔对比,https://jiankang.163.com/photoview/5S400038/10397.html
724,别急！接种新冠疫苗不耽误您备孕,https://jiankang.163.com/21/0408/20/G73CI6800038804U.html
725,“下面”痒痒痒，是得了性病吗？,https://jiankang.163.com/21/0408/14/G72MQNIS00388049.html
726,巴西科研人员探寻新冠病毒强抵抗力,https://jiankang.163.com/21/0408/04/G71KV1MD00388052.html
727,春季养生护头颈 点穴梳头学起来,https://jiankang.163.com/21/0408/04/G71KCNNV0038804V.html
728,无糖食品可以放心吃吗？,https://jiankang.163.com/21/0408/04/G71JQDQU00388050.html
729,耳内潮湿发痒 当心长了真菌,https://jiankang.163.com/21/0408/04/G71J83T600388051.html
730,体育场变疫苗接种中心,https://jiankang.163.com/photoview/5S400038/10396.html
731,加州的冲浪“奶奶团”,https://jiankang.163.com/photoview/5S400038/10395.html
732,“疫苗护照”呼之欲出 出行自由将至？,https://jiankang.163.com/21/0407/08/G6VEGAQQ0038804U.html
733,熬夜“爆肝”！春季养肝，睡比吃重要,https://jiankang.163.com/21/0407/07/G6VE9LIR0038804V.html
734,吃货指南：春来到 哪些蔬果应季又健康？,https://jiankang.163.com/21/0407/07/G6VDVIHT00388050.html
735,研究：压力影响毛发生长机制获揭示,https://jiankang.163.com/21/0407/07/G6VDLOCL00388052.html
736,吃桃胶美颜？这些人应少吃,https://jiankang.163.com/21/0407/07/G6VDBE2B00388050.html
737,新冠疫苗与其他疫苗接种要间隔多久？,https://news.163.com/21/0406/15/G6TN2JL60001899O.html
738,春季养好背 让你全年“不受罪”,https://jiankang.163.com/21/0406/14/G6TJDBC900388045.html
739,这些食物，比牛奶补钙、比核桃补脑！,https://jiankang.163.com/21/0406/14/G6TIV8B600388045.html
740,皮肤病患者能接种新冠疫苗吗？,https://jiankang.163.com/21/0406/14/G6THQS3800388045.html
741,荷兰推广居家自检新冠,https://jiankang.163.com/photoview/5S400038/10394.html
742,花粉过敏季 如何预防儿童春季过敏？,https://jiankang.163.com/21/0402/11/G6ITG11J00388052.html
743,清明登高怕伤膝盖 这几个神器备起来,https://jiankang.163.com/21/0402/11/G6IT1OLD0038804V.html
744,"割脱发的""韭菜""?植发市场的""水""有点儿深",https://jiankang.163.com/21/0402/11/G6ISS5OG00388051.html
745,抗击疫情 没有坐等来的“群体免疫屏障”,https://jiankang.163.com/21/0402/10/G6IS94180038804U.html
746,盐是百味之首 这7类人尤其要少吃盐,https://jiankang.163.com/21/0402/10/G6IRUT9F00388050.html
747,角膜塑形镜能矫正近视？,https://jiankang.163.com/21/0401/10/G6GA3F660038804F.html
748,新冠疫苗接种方舱启用,https://jiankang.163.com/photoview/5S400038/10393.html
749,瑞丽城区全员核酸检测,https://jiankang.163.com/photoview/5S400038/10392.html
750,三种传染病出没，春天要格外提防,https://jiankang.163.com/21/0401/07/G6FVLG9H0038804V.html
751,做了这么多年的热身动作，竟然都是错的,https://jiankang.163.com/21/0401/07/G6FUSKPM00388051.html
752,喝酒致维B1缺乏，小心痴呆！,https://jiankang.163.com/21/0401/07/G6FUI3SS00388052.html
753,花粉过敏眼睛痒？医生提醒：戴护目镜管用,https://jiankang.163.com/21/0401/07/G6FU4VCR0038804U.html
754,这些食物是天然的“消炎药”，你吃对了吗,https://jiankang.163.com/21/0401/07/G6FTP17K00388050.html
755,回声、钙化？揭秘超声检查术语,https://jiankang.163.com/21/0331/14/G6E55PGD0038804A.html
756,癌症上门前 会先经历“癌前病变”,https://jiankang.163.com/21/0331/04/G6D2TTHP00388052.html
757,睡眠拖延不是病 但是总拖也不行,https://jiankang.163.com/21/0331/04/G6D2BJJE00388051.html
758,一个癌字三个口？具有致癌性的五种食物,https://jiankang.163.com/21/0331/04/G6D1P9MJ00388050.html
759,出现这五种情况，扁桃体还是别留了,https://jiankang.163.com/21/0331/04/G6D0KLPU0038804U.html
760,身体发出这些信号 警惕妇科肿瘤偷袭,https://jiankang.163.com/21/0331/04/G6D02DHL0038804V.html
761,手术切除的组织最后去哪儿了？,https://jiankang.163.com/21/0330/08/G6ATAAC100388AD5.html
762,中国疫苗运往马尼拉,https://jiankang.163.com/photoview/5S400038/10391.html
763,青少年如何走出情绪障碍？,https://jiankang.163.com/21/0330/15/G6BJTL6800388045.html
764,嘴馋管不住？教你科学吃零食,https://jiankang.163.com/21/0330/14/G6BIL98F00388045.html
765,花粉过敏眼睛痒？医生：戴护目镜管用,https://jiankang.163.com/21/0330/14/G6BHDNRJ00388045.html
766,这五种情况 扁桃体还是别留了,https://jiankang.163.com/21/0330/14/G6BH66IQ00388045.html
767,胃不舒服 医生干嘛给我开精神科的药？,https://jiankang.163.com/21/0330/14/G6BGS4GS00388045.html
